Date,Open,High,Low,Close ,Adj Close ,Volume
"Sep 22, 2024",2646.20,2655.90,2640.70,2652.80,2652.80,19559.00
"Sep 20, 2024",2590.40,2621.80,2590.40,2619.90,2619.90,99.00
"Sep 19, 2024",2566.00,2588.00,2566.00,2588.00,2588.00,99.00
"Sep 18, 2024",2570.70,2570.70,2549.20,2570.70,2570.70,25.00
"Sep 17, 2024",2581.20,2581.80,2564.30,2564.30,2564.30,22.00
"Sep 16, 2024",2580.40,2580.40,2580.40,2580.40,2580.40,28.00
"Sep 13, 2024",2568.80,2581.80,2565.00,2581.30,2581.30,31.00
"Sep 12, 2024",2529.10,2557.00,2523.40,2551.20,2551.20,132.00
"Sep 11, 2024",2525.80,2525.80,2502.30,2512.10,2512.10,90.00
"Sep 10, 2024",2512.30,2512.30,2512.30,2512.30,2512.30,5.00
"Sep 9, 2024",2491.30,2504.70,2491.30,2501.80,2501.80,96.00
"Sep 6, 2024",2510.30,2517.90,2483.70,2493.50,2493.50,96.00
"Sep 5, 2024",2493.70,2513.30,2493.40,2511.40,2511.40,54.00
"Sep 4, 2024",2490.90,2493.40,2483.50,2493.40,2493.40,470.00
"Sep 3, 2024",2501.60,2501.80,2476.30,2489.90,2489.90,206.00
"Aug 30, 2024",2519.50,2525.40,2493.80,2493.80,2493.80,208.00
"Aug 29, 2024",2504.10,2525.70,2503.90,2525.70,2525.70,3966.00
"Aug 28, 2024",2501.00,2501.00,2501.00,2501.00,2501.00,2353.00
"Aug 27, 2024",2515.20,2523.10,2506.90,2516.00,2516.00,100.00
"Aug 26, 2024",2509.90,2523.10,2509.10,2517.70,2517.70,290.00
"Aug 23, 2024",2486.50,2508.40,2486.50,2508.40,2508.40,94.00
"Aug 22, 2024",2504.10,2504.10,2471.10,2478.90,2478.90,210.00
"Aug 21, 2024",2511.00,2515.40,2503.90,2508.40,2508.40,96.00
"Aug 20, 2024",2503.50,2527.30,2500.70,2511.30,2511.30,187.00
"Aug 19, 2024",2508.50,2508.50,2487.20,2501.80,2501.80,88.00
"Aug 16, 2024",2453.50,2508.00,2451.40,2498.60,2498.60,197.00
"Aug 15, 2024",2451.80,2467.70,2431.20,2453.10,2453.10,285.00
"Aug 14, 2024",2468.00,2472.10,2439.40,2439.40,2439.40,274.00
"Aug 13, 2024",2461.00,2470.00,2456.50,2466.70,2466.70,510.00
"Aug 12, 2024",2432.70,2469.80,2432.00,2462.40,2462.40,566.00
"Aug 9, 2024",2422.30,2432.10,2418.50,2432.10,2432.10,611.00
"Aug 8, 2024",2384.30,2422.80,2384.30,2422.20,2422.20,201.00
"Aug 7, 2024",2392.20,2401.00,2384.50,2390.50,2390.50,130.00
"Aug 6, 2024",2414.50,2421.80,2380.00,2389.10,2389.10,163.00
"Aug 5, 2024",2442.00,2449.80,2367.40,2401.70,2401.70,334.00
"Aug 2, 2024",2444.00,2477.00,2416.00,2425.70,2425.70,550.00
"Aug 1, 2024",2446.70,2455.10,2430.40,2435.00,2435.00,690.00
"Jul 31, 2024",2407.10,2447.60,2402.80,2426.50,2426.50,1313.00
"Jul 30, 2024",2380.90,2409.30,2373.80,2405.00,2405.00,25944.00
"Jul 29, 2024",2377.30,2377.30,2377.30,2377.30,2377.30,126409.00
"Jul 26, 2024",2368.70,2386.90,2368.70,2380.00,2380.00,95.00
"Jul 25, 2024",2365.50,2365.50,2351.90,2351.90,2351.90,31.00
"Jul 24, 2024",2421.00,2421.00,2411.60,2413.30,2413.30,6.00
"Jul 23, 2024",2395.80,2404.60,2388.70,2404.60,2404.60,41.00
"Jul 22, 2024",2402.10,2402.10,2392.00,2392.00,2392.00,18.00
"Jul 19, 2024",2418.80,2419.20,2395.50,2395.50,2395.50,15.00
"Jul 18, 2024",2466.00,2466.00,2451.80,2451.80,2451.80,2.00
"Jul 17, 2024",2472.90,2473.10,2454.80,2454.80,2454.80,10.00
"Jul 16, 2024",2427.40,2462.40,2427.40,2462.40,2462.40,93.00
"Jul 15, 2024",2430.00,2436.00,2422.90,2422.90,2422.90,540.00
"Jul 12, 2024",2399.80,2414.00,2391.30,2414.00,2414.00,355.00
"Jul 11, 2024",2378.70,2416.70,2378.70,2415.00,2415.00,72.00
"Jul 10, 2024",2366.30,2377.00,2365.80,2372.20,2372.20,19.00
"Jul 9, 2024",2363.10,2363.70,2360.10,2360.10,2360.10,9.00
"Jul 8, 2024",2381.70,2383.80,2352.80,2355.20,2355.20,64.00
"Jul 5, 2024",2354.90,2388.50,2354.90,2388.50,2388.50,72.00
"Jul 3, 2024",2330.90,2361.60,2330.90,2359.80,2359.80,59.00
"Jul 2, 2024",2330.70,2334.60,2323.00,2323.00,2323.00,30.00
"Jul 1, 2024",2323.80,2329.70,2321.70,2327.60,2327.60,237.00
"Jun 28, 2024",2325.40,2338.30,2319.00,2327.70,2327.70,92.00
"Jun 27, 2024",2296.80,2329.00,2295.00,2324.50,2324.50,1532.00
"Jun 26, 2024",2307.90,2314.40,2298.00,2299.20,2299.20,986.00
"Jun 25, 2024",2324.40,2333.00,2316.60,2316.60,2316.60,105.00
"Jun 24, 2024",2323.30,2332.90,2322.70,2330.00,2330.00,99.00
"Jun 21, 2024",2331.20,2331.20,2316.40,2316.40,2316.40,76.00
"Jun 20, 2024",2328.90,2354.00,2328.30,2353.80,2353.80,183.00
"Jun 18, 2024",2311.80,2330.40,2311.80,2330.40,2330.40,43.00
"Jun 17, 2024",2320.20,2320.20,2309.60,2312.40,2312.40,110.00
"Jun 14, 2024",2307.00,2331.40,2305.80,2331.40,2331.40,948.00
"Jun 13, 2024",2309.40,2317.70,2296.20,2300.20,2300.20,298.00
"Jun 12, 2024",2314.90,2338.70,2310.30,2336.00,2336.00,132.00
"Jun 11, 2024",2300.00,2314.10,2300.00,2307.50,2307.50,871.00
"Jun 10, 2024",2290.60,2309.30,2290.50,2307.70,2307.70,69.00
"Jun 7, 2024",2379.90,2385.10,2285.40,2305.20,2305.20,269.00
"Jun 6, 2024",2355.00,2375.80,2355.00,2370.30,2370.30,179.00
"Jun 5, 2024",2326.40,2354.30,2326.20,2354.10,2354.10,295.00
"Jun 4, 2024",2347.50,2347.70,2313.90,2325.50,2325.50,890.00
"Jun 3, 2024",2322.60,2347.50,2312.00,2346.60,2346.60,781.00
"May 31, 2024",2344.10,2354.00,2319.00,2322.90,2322.90,941.00
"May 30, 2024",2336.90,2349.50,2320.80,2342.90,2342.90,32587.00
"May 29, 2024",2340.30,2340.30,2340.30,2340.30,2340.30,119317.00
"May 28, 2024",2336.90,2359.70,2336.90,2355.20,2355.20,26.00
"May 24, 2024",2342.60,2345.40,2332.50,2332.50,2332.50,25.00
"May 23, 2024",2371.20,2371.20,2335.00,2335.00,2335.00,365.00
"May 22, 2024",2417.50,2417.60,2375.80,2389.20,2389.20,180.00
"May 21, 2024",2429.50,2429.50,2421.00,2421.70,2421.70,6.00
"May 20, 2024",2415.80,2435.80,2409.70,2433.90,2433.90,40.00
"May 17, 2024",2380.70,2415.80,2380.70,2412.20,2412.20,213.00
"May 16, 2024",2389.50,2392.20,2380.00,2380.00,2380.00,7.00
"May 15, 2024",2361.60,2388.70,2356.00,2388.70,2388.70,29.00
"May 14, 2024",2336.00,2358.00,2336.00,2353.40,2353.40,6.00
"May 13, 2024",2358.30,2358.30,2336.10,2336.10,2336.10,14.00
"May 10, 2024",2367.30,2367.30,2367.30,2367.30,2367.30,126.00
"May 9, 2024",2310.70,2339.50,2310.70,2332.10,2332.10,5.00
"May 8, 2024",2313.60,2313.60,2313.60,2313.60,2313.60,4.00
"May 7, 2024",2324.30,2324.30,2315.20,2315.20,2315.20,25.00
"May 6, 2024",2322.80,2325.50,2314.20,2321.60,2321.60,9.00
"May 3, 2024",2300.00,2301.00,2277.60,2299.00,2299.00,194.00
"May 2, 2024",2321.70,2324.70,2292.30,2299.20,2299.20,56.00
"May 1, 2024",2287.70,2327.30,2283.80,2299.90,2299.90,42.00
"Apr 30, 2024",2322.50,2322.50,2291.40,2291.40,2291.40,113.00
"Apr 29, 2024",2334.80,2345.50,2327.90,2345.40,2345.40,405.00
"Apr 26, 2024",2347.90,2347.90,2332.80,2334.80,2334.80,717.00
"Apr 25, 2024",2315.00,2329.80,2305.00,2329.80,2329.80,1024.00
"Apr 24, 2024",2321.30,2328.70,2314.60,2324.50,2324.50,95.00
"Apr 23, 2024",2327.70,2330.80,2294.20,2327.70,2327.70,171.00
"Apr 22, 2024",2383.30,2383.30,2326.90,2332.20,2332.20,53.00
"Apr 19, 2024",2379.30,2399.80,2377.30,2398.40,2398.40,160.00
"Apr 18, 2024",2368.40,2384.40,2368.40,2382.30,2382.30,128.00
"Apr 17, 2024",2384.20,2391.40,2369.30,2371.70,2371.70,37.00
"Apr 16, 2024",2384.00,2390.80,2371.40,2390.80,2390.80,41.00
"Apr 15, 2024",2362.10,2384.70,2326.00,2365.80,2365.80,1801.00
"Apr 12, 2024",2377.30,2429.00,2334.30,2356.20,2356.20,584.00
"Apr 11, 2024",2341.50,2376.30,2330.60,2354.80,2354.80,283.00
"Apr 10, 2024",2346.60,2358.10,2327.70,2329.60,2329.60,377.00
"Apr 9, 2024",2337.80,2364.70,2337.80,2343.50,2343.50,211.00
"Apr 8, 2024",2325.60,2341.80,2319.00,2331.70,2331.70,202.00
"Apr 5, 2024",2289.20,2328.40,2267.40,2325.70,2325.70,344.00
"Apr 4, 2024",2301.70,2302.90,2280.00,2288.80,2288.80,251.00
"Apr 3, 2024",2281.70,2298.80,2267.90,2294.40,2294.40,285.00
"Apr 2, 2024",2252.00,2279.20,2247.60,2261.00,2261.00,435.00
"Apr 1, 2024",2235.70,2264.20,2230.00,2236.50,2236.50,400.00
"Mar 28, 2024",2193.60,2234.10,2187.10,2217.40,2217.40,2040.00
"Mar 27, 2024",2179.40,2196.20,2172.10,2190.60,2190.60,31200.00
"Mar 26, 2024",2182.70,2182.70,2175.60,2175.60,2175.60,202373.00
"Mar 25, 2024",2166.20,2179.40,2166.20,2174.80,2174.80,79.00
"Mar 22, 2024",2179.20,2179.60,2157.50,2158.10,2158.10,19.00
"Mar 21, 2024",2207.00,2211.60,2182.40,2182.40,2182.40,63.00
"Mar 20, 2024",2157.30,2185.90,2150.90,2157.90,2157.90,17.00
"Mar 19, 2024",2156.10,2156.30,2156.10,2156.30,2156.30,12.00
"Mar 18, 2024",2146.20,2160.70,2146.20,2160.70,2160.70,21.00
"Mar 15, 2024",2161.70,2161.70,2157.30,2157.30,2157.30,100.00
"Mar 14, 2024",2163.00,2163.00,2162.30,2163.00,2163.00,515.00
"Mar 13, 2024",2162.50,2175.40,2162.50,2175.40,2175.40,20.00
"Mar 12, 2024",2182.50,2182.70,2160.40,2160.40,2160.40,550.00
"Mar 11, 2024",2181.00,2184.00,2177.20,2182.50,2182.50,738.00
"Mar 8, 2024",2167.30,2194.90,2166.30,2178.60,2178.60,259.00
"Mar 7, 2024",2147.00,2163.00,2147.00,2158.00,2158.00,152.00
"Mar 6, 2024",2125.50,2150.30,2125.50,2150.30,2150.30,443.00
"Mar 5, 2024",2114.90,2133.50,2111.40,2133.50,2133.50,1287.00
"Mar 4, 2024",2083.60,2119.80,2080.70,2117.70,2117.70,805.00
"Mar 1, 2024",2043.10,2086.90,2041.80,2086.90,2086.90,1210.00
"Feb 29, 2024",2034.30,2049.80,2034.30,2045.70,2045.70,706.00
"Feb 28, 2024",2029.50,2037.00,2024.80,2033.00,2033.00,581.00
"Feb 27, 2024",2035.90,2035.90,2034.00,2034.00,2034.00,964.00
"Feb 26, 2024",2034.10,2035.40,2024.80,2028.50,2028.50,143.00
"Feb 23, 2024",2026.00,2038.60,2014.90,2038.60,2038.60,22.00
"Feb 22, 2024",2033.20,2033.20,2019.70,2019.70,2019.70,964.00
"Feb 21, 2024",2028.20,2028.20,2022.30,2022.30,2022.30,15.00
"Feb 20, 2024",2015.60,2029.00,2015.60,2027.50,2027.50,1326.00
"Feb 16, 2024",2005.00,2011.50,1996.50,2011.50,2011.50,32.00
"Feb 15, 2024",1993.60,2007.20,1993.60,2002.10,2002.10,286.00
"Feb 14, 2024",1990.30,1993.50,1984.80,1990.30,1990.30,1916.00
"Feb 13, 2024",2025.10,2025.80,1990.00,1992.90,1992.90,198.00
"Feb 12, 2024",2025.50,2025.50,2011.60,2018.20,2018.20,317.00
"Feb 9, 2024",2032.00,2032.00,2020.00,2023.30,2023.30,62.00
"Feb 8, 2024",2028.00,2036.70,2020.30,2032.20,2032.20,341.00
"Feb 7, 2024",2032.80,2039.50,2032.70,2035.20,2035.20,71.00
"Feb 6, 2024",2025.90,2037.30,2025.90,2034.50,2034.50,249.00
"Feb 5, 2024",2038.90,2040.80,2013.80,2025.70,2025.70,412.00
"Feb 2, 2024",2054.80,2055.90,2027.70,2036.10,2036.10,888.00
"Feb 1, 2024",2040.20,2064.50,2029.00,2053.00,2053.00,947.00
"Jan 31, 2024",2035.40,2055.00,2030.00,2048.40,2048.40,2007.00
"Jan 30, 2024",2032.50,2048.50,2028.10,2031.50,2031.50,26907.00
"Jan 29, 2024",2025.20,2025.20,2025.20,2025.20,2025.20,150708.00
"Jan 26, 2024",2021.70,2022.40,2016.80,2016.80,2016.80,49.00
"Jan 25, 2024",2012.10,2022.40,2012.10,2016.90,2016.90,548.00
"Jan 24, 2024",2023.20,2033.20,2013.90,2013.90,2013.90,253.00
"Jan 23, 2024",2030.30,2030.30,2022.50,2023.70,2023.70,15.00
"Jan 22, 2024",2021.30,2021.30,2019.80,2019.80,2019.80,12.00
"Jan 19, 2024",2023.20,2036.00,2019.50,2026.50,2026.50,50.00
"Jan 18, 2024",2012.80,2018.60,2009.50,2018.60,2018.60,1474.00
"Jan 17, 2024",2026.50,2026.50,2002.60,2002.60,2002.60,764.00
"Jan 16, 2024",2051.70,2054.80,2026.00,2026.00,2026.00,46.00
"Jan 12, 2024",2031.10,2057.00,2031.10,2046.70,2046.70,390.00
"Jan 11, 2024",2025.10,2025.10,2014.30,2014.30,2014.30,97.00
"Jan 10, 2024",2029.00,2035.60,2021.70,2021.70,2021.70,538.00
"Jan 9, 2024",2035.80,2035.80,2026.40,2026.40,2026.40,27.00
"Jan 8, 2024",2019.10,2033.70,2019.10,2026.60,2026.60,10.00
"Jan 5, 2024",2044.50,2048.10,2042.40,2042.40,2042.40,12.00
"Jan 4, 2024",2041.60,2044.50,2038.00,2042.30,2042.30,88.00
"Jan 3, 2024",2034.20,2044.00,2034.20,2034.20,2034.20,54.00
"Jan 2, 2024",2063.50,2073.70,2057.10,2064.40,2064.40,61.00
"Dec 29, 2023",2068.00,2068.90,2062.10,2062.40,2062.40,47.00
"Dec 28, 2023",2081.60,2087.30,2066.50,2073.90,2073.90,338.00
"Dec 27, 2023",2067.30,2081.90,2064.80,2081.90,2081.90,586.00
"Dec 26, 2023",2060.00,2060.80,2054.20,2058.20,2058.20,64.00
"Dec 22, 2023",2055.70,2068.70,2052.20,2057.10,2057.10,202.00
"Dec 21, 2023",2035.80,2044.50,2033.00,2039.10,2039.10,228.00
"Dec 20, 2023",2037.10,2037.10,2030.30,2034.50,2034.50,258.00
"Dec 19, 2023",2025.20,2042.70,2025.20,2038.40,2038.40,498.00
"Dec 18, 2023",2024.30,2032.80,2024.00,2026.30,2026.30,100.00
"Dec 15, 2023",2032.60,2043.40,2018.30,2021.10,2021.10,261.00
"Dec 14, 2023",2024.70,2040.10,2024.30,2030.20,2030.20,236.00
"Dec 13, 2023",1978.50,2024.80,1975.00,1982.30,1982.30,2252.00
"Dec 12, 2023",1984.20,1994.20,1977.80,1977.80,1977.80,95.00
"Dec 11, 2023",2004.10,2004.20,1977.20,1978.00,1978.00,651.00
"Dec 8, 2023",2031.70,2033.10,1995.00,1998.30,1998.30,449.00
"Dec 7, 2023",2029.20,2034.90,2024.00,2029.90,2029.90,67.00
"Dec 6, 2023",2019.90,2035.80,2019.00,2030.50,2030.50,417.00
"Dec 5, 2023",2035.10,2037.00,2010.20,2018.50,2018.50,289.00
"Dec 4, 2023",2075.30,2130.20,2021.00,2024.10,2024.10,1071.00
"Dec 1, 2023",2038.30,2073.20,2036.00,2071.00,2071.00,614.00
"Nov 30, 2023",2046.10,2047.10,2033.10,2038.10,2038.10,2506.00
"Nov 29, 2023",2041.70,2052.10,2036.00,2047.10,2047.10,15290.00
"Nov 28, 2023",2040.60,2042.70,2039.70,2039.70,2039.70,174665.00
"Nov 27, 2023",2011.70,2011.80,2011.70,2011.80,2011.80,228.00
"Nov 24, 2023",1991.90,2002.20,1991.50,2002.20,2002.20,63.00
"Nov 22, 2023",1999.10,1999.40,1991.00,1991.40,1991.40,6075.00
"Nov 21, 2023",1990.70,2005.50,1988.50,1999.30,1999.30,16.00
"Nov 20, 2023",1978.70,1979.40,1969.70,1977.70,1977.70,182.00
"Nov 17, 2023",1982.50,1984.00,1979.80,1981.60,1981.60,32.00
"Nov 16, 2023",1965.30,1983.90,1964.60,1983.90,1983.90,39.00
"Nov 15, 2023",1962.80,1962.80,1960.00,1960.10,1960.10,6.00
"Nov 14, 2023",1965.80,1965.80,1961.80,1961.80,1961.80,2.00
"Nov 13, 2023",1939.90,1947.20,1934.00,1945.50,1945.50,191.00
"Nov 10, 2023",1959.60,1959.60,1932.60,1932.60,1932.60,375.00
"Nov 9, 2023",1951.70,1964.20,1945.30,1964.20,1964.20,10.00
"Nov 8, 2023",1967.80,1967.80,1947.70,1951.50,1951.50,43.00
"Nov 7, 2023",1966.50,1966.80,1960.70,1966.80,1966.80,20.00
"Nov 6, 2023",1981.60,1981.60,1977.40,1981.60,1981.60,130.00
"Nov 3, 2023",1989.00,1991.50,1989.00,1991.50,1991.50,12.00
"Nov 2, 2023",1989.10,1990.30,1979.50,1985.60,1985.60,39.00
"Nov 1, 2023",1990.50,1990.50,1977.80,1978.80,1978.80,41.00
"Oct 31, 2023",1996.50,2001.00,1983.70,1985.20,1985.20,84.00
"Oct 30, 2023",2004.10,2004.10,1992.50,1996.20,1996.20,157.00
"Oct 27, 2023",1988.60,1988.60,1988.60,1988.60,1988.60,372.00
"Oct 26, 2023",1988.20,1988.20,1980.40,1987.20,1987.20,521.00
"Oct 25, 2023",1971.20,1985.30,1971.20,1984.10,1984.10,97.00
"Oct 24, 2023",1970.30,1975.00,1970.30,1975.00,1975.00,10.00
"Oct 23, 2023",1976.20,1978.90,1972.90,1976.30,1976.30,127.00
"Oct 20, 2023",1981.10,1988.60,1980.40,1982.50,1982.50,557.00
"Oct 19, 2023",1950.10,1977.70,1945.70,1968.40,1968.40,1945.00
"Oct 18, 2023",1935.00,1957.90,1935.00,1955.30,1955.30,67.00
"Oct 17, 2023",1914.30,1925.80,1914.30,1922.70,1922.70,103.00
"Oct 16, 2023",1910.40,1921.10,1910.30,1921.10,1921.10,53.00
"Oct 13, 2023",1877.50,1930.10,1877.50,1927.40,1927.40,43.00
"Oct 12, 2023",1874.70,1881.20,1867.00,1869.30,1869.30,46.00
"Oct 11, 2023",1869.50,1874.60,1869.10,1872.80,1872.80,65.00
"Oct 10, 2023",1857.00,1861.40,1852.80,1861.00,1861.00,236.00
"Oct 9, 2023",1842.50,1861.50,1842.50,1849.50,1849.50,232.00
"Oct 6, 2023",1819.00,1831.80,1809.40,1830.20,1830.20,390.00
"Oct 5, 2023",1826.30,1826.30,1815.60,1816.60,1816.60,393.00
"Oct 4, 2023",1821.80,1828.20,1816.40,1818.50,1818.50,357.00
"Oct 3, 2023",1825.00,1830.90,1816.80,1824.60,1824.60,310.00
"Oct 2, 2023",1844.10,1845.90,1826.70,1830.00,1830.00,2309.00
"Sep 29, 2023",1864.30,1872.30,1846.00,1848.10,1848.10,1605.00
"Sep 28, 2023",1875.50,1878.20,1856.70,1860.40,1860.40,4654.00
"Sep 27, 2023",1871.60,1871.60,1871.60,1871.60,1871.60,12251.00
"Sep 26, 2023",1905.00,1905.10,1900.40,1900.40,1900.40,161.00
"Sep 25, 2023",1916.60,1916.60,1916.60,1916.60,1916.60,114.00
"Sep 22, 2023",1925.40,1925.40,1925.40,1925.40,1925.40,1.00
"Sep 21, 2023",1924.00,1924.00,1919.20,1919.20,1919.20,9.00
"Sep 20, 2023",1945.60,1945.60,1929.20,1945.60,1945.60,119.00
"Sep 19, 2023",1934.00,1934.00,1932.00,1932.00,1932.00,6.00
"Sep 18, 2023",1928.20,1931.50,1926.40,1931.50,1931.50,19.00
"Sep 15, 2023",1923.50,1927.30,1923.50,1923.70,1923.70,8.00
"Sep 14, 2023",1903.00,1910.00,1903.00,1910.00,1910.00,169.00
"Sep 13, 2023",1910.30,1914.60,1908.90,1909.10,1909.10,15.00
"Sep 12, 2023",1920.80,1920.80,1911.30,1911.30,1911.30,365.00
"Sep 11, 2023",1923.00,1928.30,1921.80,1923.30,1923.30,50.00
"Sep 8, 2023",1924.00,1924.70,1918.40,1918.40,1918.40,105.00
"Sep 7, 2023",1917.60,1921.50,1917.50,1917.50,1917.50,41.00
"Sep 6, 2023",1924.10,1925.30,1916.30,1918.10,1918.10,24.00
"Sep 5, 2023",1934.40,1934.40,1924.70,1926.20,1926.20,113.00
"Sep 1, 2023",1950.00,1950.00,1936.60,1939.80,1939.80,167.00
"Aug 31, 2023",1944.40,1944.40,1938.20,1938.20,1938.20,491.00
"Aug 30, 2023",1936.00,1946.40,1934.60,1944.30,1944.30,396.00
"Aug 29, 2023",1917.90,1936.50,1916.90,1936.50,1936.50,1674.00
"Aug 28, 2023",1915.50,1921.50,1915.50,1917.90,1917.90,99.00
"Aug 25, 2023",1919.80,1919.80,1911.10,1911.10,1911.10,195.00
"Aug 24, 2023",1920.00,1920.80,1918.20,1918.20,1918.20,337.00
"Aug 23, 2023",1909.60,1918.50,1909.60,1918.50,1918.50,547.00
"Aug 22, 2023",1894.60,1896.80,1892.80,1896.40,1896.40,46.00
"Aug 21, 2023",1893.60,1893.60,1893.30,1893.30,1893.30,876.00
"Aug 18, 2023",1891.80,1891.80,1886.10,1886.10,1886.10,19.00
"Aug 17, 2023",1893.70,1902.40,1884.00,1884.10,1884.10,245.00
"Aug 16, 2023",1904.50,1904.50,1890.30,1896.10,1896.10,22.00
"Aug 15, 2023",1906.00,1907.70,1895.00,1902.50,1902.50,73.00
"Aug 14, 2023",1909.30,1912.60,1903.30,1910.60,1910.60,46.00
"Aug 11, 2023",1913.00,1916.60,1911.80,1912.90,1912.90,57.00
"Aug 10, 2023",1921.10,1927.80,1911.40,1914.40,1914.40,178.00
"Aug 9, 2023",1925.40,1928.80,1913.70,1915.40,1915.40,451.00
"Aug 8, 2023",1931.70,1933.20,1923.00,1924.10,1924.10,555.00
"Aug 7, 2023",1941.00,1941.00,1929.80,1933.50,1933.50,376.00
"Aug 4, 2023",1934.90,1945.00,1920.00,1939.60,1939.60,290.00
"Aug 3, 2023",1934.20,1936.50,1928.00,1932.00,1932.00,773.00
"Aug 2, 2023",1948.40,1953.60,1933.20,1937.40,1937.40,652.00
"Aug 1, 2023",1964.90,1965.40,1940.70,1940.70,1940.70,688.00
"Jul 31, 2023",1959.20,1971.60,1950.00,1970.50,1970.50,1025.00
"Jul 28, 2023",1945.50,1962.20,1944.20,1960.40,1960.40,23155.00
"Jul 27, 2023",1945.40,1945.40,1945.40,1945.40,1945.40,194253.00
"Jul 26, 2023",1966.20,1972.00,1966.20,1968.90,1968.90,51.00
"Jul 25, 2023",1953.00,1962.50,1953.00,1962.10,1962.10,19.00
"Jul 24, 2023",1965.30,1965.50,1960.30,1960.30,1960.30,2.00
"Jul 21, 2023",1961.80,1964.30,1961.80,1964.30,1964.30,50.00
"Jul 20, 2023",1973.70,1973.70,1965.60,1968.30,1968.30,638.00
"Jul 19, 2023",1977.00,1977.50,1973.00,1977.50,1977.50,35.00
"Jul 18, 2023",1968.80,1978.40,1963.40,1977.20,1977.20,83.00
"Jul 17, 2023",1954.00,1956.50,1946.60,1952.40,1952.40,29.00
"Jul 14, 2023",1958.40,1960.60,1952.70,1960.10,1960.10,94.00
"Jul 13, 2023",1961.10,1961.10,1953.00,1959.20,1959.20,121.00
"Jul 12, 2023",1932.30,1958.00,1932.20,1956.20,1956.20,132.00
"Jul 11, 2023",1925.00,1937.00,1924.20,1931.30,1931.30,142.00
"Jul 10, 2023",1923.60,1926.10,1912.30,1925.00,1925.00,269.00
"Jul 7, 2023",1913.40,1934.10,1913.40,1926.20,1926.20,61.00
"Jul 6, 2023",1909.30,1910.20,1903.20,1908.70,1908.70,81.00
"Jul 5, 2023",1923.50,1933.90,1914.70,1919.60,1919.60,193.00
"Jul 3, 2023",1917.90,1929.50,1917.90,1921.70,1921.70,41.00
"Jun 30, 2023",1908.60,1921.10,1900.60,1921.10,1921.10,445.00
"Jun 29, 2023",1909.90,1909.90,1892.50,1909.20,1909.20,289.00
"Jun 28, 2023",1912.30,1912.30,1912.30,1912.30,1912.30,628.00
"Jun 27, 2023",1927.00,1929.40,1914.00,1914.00,1914.00,49.00
"Jun 26, 2023",1922.90,1928.50,1922.50,1923.70,1923.70,71.00
"Jun 23, 2023",1918.70,1932.50,1918.70,1919.10,1919.10,105.00
"Jun 22, 2023",1920.00,1921.00,1912.10,1912.70,1912.70,237.00
"Jun 21, 2023",1935.60,1936.80,1920.00,1933.30,1933.30,557.00
"Jun 20, 2023",1958.60,1958.60,1931.30,1935.50,1935.50,193.00
"Jun 16, 2023",1961.40,1962.90,1953.50,1958.40,1958.40,119.00
"Jun 15, 2023",1941.70,1958.80,1926.00,1957.80,1957.80,329.00
"Jun 14, 2023",1946.20,1958.20,1940.30,1955.30,1955.30,202.00
"Jun 13, 2023",1960.60,1967.50,1940.30,1944.60,1944.60,343.00
"Jun 12, 2023",1959.70,1963.50,1951.40,1955.30,1955.30,212.00
"Jun 9, 2023",1965.10,1969.80,1960.30,1962.20,1962.20,49.00
"Jun 8, 2023",1943.20,1969.00,1943.10,1963.60,1963.60,433.00
"Jun 7, 2023",1959.00,1968.40,1940.70,1942.70,1942.70,139.00
"Jun 6, 2023",1960.80,1965.50,1958.80,1965.50,1965.50,164.00
"Jun 5, 2023",1947.50,1961.90,1937.80,1958.00,1958.00,713.00
"Jun 2, 2023",1977.10,1982.50,1947.40,1952.40,1952.40,356.00
"Jun 1, 2023",1963.20,1983.00,1954.30,1978.00,1978.00,750.00
"May 31, 2023",1958.20,1973.00,1953.00,1963.90,1963.90,5959.00
"May 30, 2023",1942.70,1962.60,1931.00,1958.00,1958.00,37838.00
"May 26, 2023",1948.20,1948.40,1944.10,1944.10,1944.10,166036.00
"May 25, 2023",1943.10,1943.10,1943.10,1943.10,1943.10,1.00
"May 24, 2023",1975.40,1975.40,1962.80,1962.80,1962.80,189.00
"May 23, 2023",1972.40,1972.40,1972.40,1972.40,1972.40,1.00
"May 22, 2023",1980.50,1980.50,1974.80,1974.80,1974.80,8.00
"May 19, 2023",1960.00,1978.70,1960.00,1978.70,1978.70,106.00
"May 18, 2023",1956.50,1956.80,1956.50,1956.50,1956.50,23.00
"May 17, 2023",1983.60,1983.60,1980.70,1980.70,1980.70,13.00
"May 16, 2023",1988.40,1988.40,1988.40,1988.40,1988.40,49.00
"May 15, 2023",2013.80,2018.00,2013.80,2018.00,2018.00,3.00
"May 12, 2023",2014.50,2014.50,2014.50,2014.50,2014.50,115.00
"May 11, 2023",2034.10,2038.30,2014.00,2014.70,2014.70,90.00
"May 10, 2023",2032.30,2044.30,2029.50,2030.50,2030.50,248.00
"May 9, 2023",2026.60,2037.30,2025.90,2036.20,2036.20,241.00
"May 8, 2023",2022.50,2026.30,2022.50,2026.30,2026.30,3.00
"May 5, 2023",2046.40,2046.40,2004.30,2017.40,2017.40,59.00
"May 4, 2023",2045.00,2072.00,2040.00,2048.00,2048.00,930.00
"May 3, 2023",2017.10,2035.10,2015.20,2028.60,2028.60,1349.00
"May 2, 2023",1994.70,2018.00,1994.70,2014.30,2014.30,1896.00
"May 1, 2023",1980.10,2005.00,1976.90,1983.40,1983.40,210.00
"Apr 28, 2023",1986.90,1990.10,1977.70,1990.10,1990.10,152.00
"Apr 27, 2023",1990.60,2002.30,1979.90,1989.90,1989.90,355.00
"Apr 26, 2023",1997.80,1998.80,1985.60,1985.70,1985.70,615.00
"Apr 25, 2023",1995.70,1999.10,1982.30,1994.00,1994.00,306.00
"Apr 24, 2023",1981.30,1989.80,1977.40,1989.10,1989.10,145.00
"Apr 21, 2023",1996.20,1996.20,1974.10,1979.50,1979.50,132.00
"Apr 20, 2023",1998.00,2007.60,1998.00,2007.60,2007.60,164.00
"Apr 19, 2023",2005.70,2006.40,1969.80,1995.20,1995.20,61.00
"Apr 18, 2023",1996.90,2007.40,1996.90,2007.40,2007.40,72.00
"Apr 17, 2023",2002.70,2007.60,1983.20,1994.20,1994.20,554.00
"Apr 14, 2023",2041.00,2047.80,1995.00,2002.20,2002.20,718.00
"Apr 13, 2023",2015.60,2048.60,2015.60,2041.30,2041.30,1043.00
"Apr 12, 2023",2005.20,2025.70,2005.20,2010.90,2010.90,172.00
"Apr 11, 2023",1991.40,2006.50,1991.40,2004.80,2004.80,68.00
"Apr 10, 2023",2000.00,2006.60,1984.00,1989.10,1989.10,652.00
"Apr 6, 2023",2022.20,2023.30,2005.00,2011.90,2011.90,-
"Apr 5, 2023",2022.10,2033.80,2013.60,2020.90,2020.90,525.00
"Apr 4, 2023",1984.60,2027.10,1979.00,2022.20,2022.20,811.00
"Apr 3, 2023",1968.10,1991.70,1950.00,1983.90,1983.90,737.00
"Mar 31, 2023",1981.30,1986.80,1968.00,1969.00,1969.00,957.00
"Mar 30, 2023",1965.90,1984.40,1954.90,1980.30,1980.30,10119.00
"Mar 29, 2023",1966.10,1966.10,1966.10,1966.10,1966.10,88563.00
"Mar 28, 2023",1972.40,1972.40,1972.40,1972.40,1972.40,21.00
"Mar 27, 2023",1957.20,1957.20,1952.40,1952.40,1952.40,877.00
"Mar 24, 2023",1991.70,1995.40,1982.10,1982.10,1982.10,19.00
"Mar 23, 2023",1990.50,1994.60,1990.50,1993.80,1993.80,33.00
"Mar 22, 2023",1946.80,1974.00,1946.80,1946.80,1946.80,50.00
"Mar 21, 2023",1973.80,1973.80,1938.00,1938.00,1938.00,47.00
"Mar 20, 2023",1988.30,2003.90,1968.90,1979.20,1979.20,389.00
"Mar 17, 2023",1946.00,1985.10,1946.00,1969.80,1969.80,82.00
"Mar 16, 2023",1909.90,1931.70,1909.90,1919.00,1919.00,394.00
"Mar 15, 2023",1903.90,1926.60,1898.50,1926.60,1926.60,564.00
"Mar 14, 2023",1912.20,1912.20,1901.10,1906.20,1906.20,107.00
"Mar 13, 2023",1890.80,1913.10,1875.10,1911.70,1911.70,503.00
"Mar 10, 2023",1852.30,1868.50,1852.00,1862.00,1862.00,248.00
"Mar 9, 2023",1816.40,1829.30,1815.60,1829.30,1829.30,332.00
"Mar 8, 2023",1811.60,1812.90,1811.50,1812.70,1812.70,75.00
"Mar 7, 2023",1840.90,1840.90,1813.90,1813.90,1813.90,450.00
"Mar 6, 2023",1853.30,1853.80,1844.20,1847.90,1847.90,5.00
"Mar 3, 2023",1837.30,1855.40,1837.30,1847.70,1847.70,61.00
"Mar 2, 2023",1830.00,1836.30,1830.00,1833.50,1833.50,154.00
"Mar 1, 2023",1827.10,1841.70,1827.10,1837.70,1837.70,211.00
"Feb 28, 2023",1808.10,1830.00,1808.10,1828.90,1828.90,618.00
"Feb 27, 2023",1811.60,1817.50,1808.90,1817.00,1817.00,829.00
"Feb 24, 2023",1808.80,1808.80,1808.80,1808.80,1808.80,404.00
"Feb 23, 2023",1826.40,1827.50,1818.00,1818.00,1818.00,291.00
"Feb 22, 2023",1835.70,1836.20,1825.10,1832.00,1832.00,278.00
"Feb 21, 2023",1842.60,1843.00,1833.00,1833.00,1833.00,862.00
"Feb 17, 2023",1827.40,1842.20,1818.40,1840.40,1840.40,35.00
"Feb 16, 2023",1838.60,1843.70,1827.20,1842.00,1842.00,222.00
"Feb 15, 2023",1842.00,1842.00,1828.20,1834.20,1834.20,368.00
"Feb 14, 2023",1854.10,1862.00,1846.20,1854.00,1854.00,656.00
"Feb 13, 2023",1859.00,1861.00,1850.00,1851.90,1851.90,569.00
"Feb 10, 2023",1861.60,1863.50,1852.40,1862.80,1862.80,27.00
"Feb 9, 2023",1875.30,1884.60,1859.80,1866.20,1866.20,223.00
"Feb 8, 2023",1872.10,1880.40,1872.10,1877.40,1877.40,230.00
"Feb 7, 2023",1870.00,1875.70,1868.00,1871.70,1871.70,297.00
"Feb 6, 2023",1865.60,1880.00,1863.40,1866.20,1866.20,424.00
"Feb 3, 2023",1912.40,1917.00,1861.50,1862.90,1862.90,992.00
"Feb 2, 2023",1952.30,1959.10,1911.30,1916.30,1916.30,748.00
"Feb 1, 2023",1927.20,1955.00,1922.00,1927.80,1927.80,2290.00
"Jan 31, 2023",1923.00,1930.40,1900.60,1929.50,1929.50,1910.00
"Jan 30, 2023",1928.30,1933.60,1920.30,1922.90,1922.90,27220.00
"Jan 27, 2023",1928.60,1928.60,1928.60,1928.60,1928.60,150902.00
"Jan 26, 2023",1936.60,1937.10,1927.10,1929.10,1929.10,131.00
"Jan 25, 2023",1941.20,1941.20,1939.80,1941.20,1941.20,7.00
"Jan 24, 2023",1931.80,1936.80,1931.80,1933.90,1933.90,201.00
"Jan 23, 2023",1926.50,1927.10,1915.00,1927.10,1927.10,218.00
"Jan 20, 2023",1922.10,1928.50,1921.40,1926.40,1926.40,1346.00
"Jan 19, 2023",1922.10,1931.80,1922.10,1922.10,1922.10,371.00
"Jan 18, 2023",1911.10,1911.10,1903.10,1904.40,1904.40,1027.00
"Jan 17, 2023",1920.10,1920.10,1905.20,1907.20,1907.20,706.00
"Jan 13, 2023",1899.00,1920.90,1898.30,1918.40,1918.40,512.00
"Jan 12, 2023",1877.20,1897.40,1877.20,1895.50,1895.50,59.00
"Jan 11, 2023",1873.10,1877.80,1873.10,1874.60,1874.60,1236.00
"Jan 10, 2023",1877.80,1878.10,1871.60,1871.60,1871.60,101.00
"Jan 9, 2023",1867.00,1880.00,1867.00,1872.70,1872.70,62.00
"Jan 6, 2023",1838.40,1868.20,1835.30,1864.20,1864.20,26.00
"Jan 5, 2023",1855.20,1855.20,1834.80,1834.80,1834.80,24.00
"Jan 4, 2023",1845.60,1859.10,1845.60,1852.80,1852.80,25.00
"Jan 3, 2023",1836.20,1839.70,1836.20,1839.70,1839.70,29.00
"Dec 30, 2022",1817.00,1822.30,1816.80,1819.70,1819.70,95.00
"Dec 29, 2022",1805.80,1819.50,1805.80,1819.50,1819.50,277.00
"Dec 28, 2022",1803.20,1807.90,1803.10,1807.90,1807.90,434.00
"Dec 27, 2022",1803.40,1826.30,1803.40,1814.80,1814.80,69.00
"Dec 23, 2022",1794.30,1802.80,1794.10,1795.90,1795.90,49.00
"Dec 22, 2022",1818.10,1818.10,1785.00,1787.00,1787.00,411.00
"Dec 21, 2022",1817.40,1821.40,1814.40,1815.90,1815.90,35.00
"Dec 20, 2022",1786.50,1821.40,1786.50,1815.90,1815.90,51.00
"Dec 19, 2022",1791.60,1796.30,1785.60,1787.70,1787.70,79.00
"Dec 16, 2022",1777.90,1791.40,1777.90,1790.00,1790.00,206.00
"Dec 15, 2022",1801.00,1801.00,1774.80,1777.20,1777.20,421.00
"Dec 14, 2022",1810.80,1812.80,1797.90,1807.50,1807.50,1074.00
"Dec 13, 2022",1780.70,1819.80,1780.50,1813.90,1813.90,205.00
"Dec 12, 2022",1787.30,1793.90,1777.70,1780.50,1780.50,85.00
"Dec 9, 2022",1794.90,1804.30,1791.10,1798.10,1798.10,125.00
"Dec 8, 2022",1782.00,1790.90,1782.00,1788.70,1788.70,713.00
"Dec 7, 2022",1769.30,1790.30,1769.30,1785.50,1785.50,422.00
"Dec 6, 2022",1768.60,1779.40,1767.90,1769.30,1769.30,105.00
"Dec 5, 2022",1795.70,1808.00,1764.30,1767.40,1767.40,1713.00
"Dec 2, 2022",1802.00,1802.30,1779.40,1795.90,1795.90,1725.00
"Dec 1, 2022",1768.70,1803.70,1768.70,1801.10,1801.10,1053.00
"Nov 30, 2022",1748.10,1769.40,1745.10,1746.00,1746.00,3339.00
"Nov 29, 2022",1739.50,1758.20,1737.90,1748.40,1748.40,19416.00
"Nov 28, 2022",1741.30,1741.30,1740.10,1740.10,1740.10,132767.00
"Nov 25, 2022",1753.00,1757.90,1749.20,1753.30,1753.30,216.00
"Nov 23, 2022",1736.50,1750.90,1736.50,1744.90,1744.90,39.00
"Nov 22, 2022",1741.70,1741.70,1738.30,1738.30,1738.30,15.00
"Nov 21, 2022",1739.00,1744.90,1736.10,1737.40,1737.40,544.00
"Nov 18, 2022",1763.30,1763.30,1747.60,1751.90,1751.90,414.00
"Nov 17, 2022",1763.00,1763.00,1756.00,1760.80,1760.80,18.00
"Nov 16, 2022",1776.60,1778.90,1773.00,1773.00,1773.00,303.00
"Nov 15, 2022",1770.80,1773.80,1769.90,1773.80,1773.80,57.00
"Nov 14, 2022",1762.00,1773.60,1761.60,1773.60,1773.60,358.00
"Nov 11, 2022",1763.80,1766.00,1757.60,1766.00,1766.00,257.00
"Nov 10, 2022",1708.20,1750.30,1708.20,1750.30,1750.30,325.00
"Nov 9, 2022",1707.40,1720.20,1706.00,1710.10,1710.10,497.00
"Nov 8, 2022",1703.20,1712.10,1703.20,1712.10,1712.10,23.00
"Nov 7, 2022",1676.90,1677.90,1672.90,1676.50,1676.50,42.00
"Nov 4, 2022",1630.20,1674.50,1629.00,1672.50,1672.50,159.00
"Nov 3, 2022",1629.20,1629.20,1615.10,1627.30,1627.30,1427.00
"Nov 2, 2022",1650.80,1664.70,1634.00,1645.70,1645.70,612.00
"Nov 1, 2022",1630.80,1653.70,1630.80,1645.00,1645.00,985.00
"Oct 31, 2022",1641.80,1641.80,1633.40,1635.90,1635.90,522.00
"Oct 28, 2022",1661.00,1661.00,1638.70,1639.60,1639.60,626.00
"Oct 27, 2022",1660.70,1660.70,1660.70,1660.70,1660.70,2298.00
"Oct 26, 2022",1649.80,1667.00,1649.80,1664.00,1664.00,89.00
"Oct 25, 2022",1648.20,1652.80,1637.30,1652.80,1652.80,880.00
"Oct 24, 2022",1662.70,1662.70,1648.70,1648.70,1648.70,29.00
"Oct 21, 2022",1634.10,1653.90,1634.10,1651.00,1651.00,224.00
"Oct 20, 2022",1622.80,1641.40,1622.80,1630.80,1630.80,477.00
"Oct 19, 2022",1637.50,1637.50,1627.50,1627.50,1627.50,84.00
"Oct 18, 2022",1651.40,1655.20,1649.00,1649.00,1649.00,597.00
"Oct 17, 2022",1650.20,1657.00,1646.80,1657.00,1657.00,238.00
"Oct 14, 2022",1665.30,1667.00,1640.00,1641.70,1641.70,82.00
"Oct 13, 2022",1675.20,1675.30,1641.50,1670.00,1670.00,729.00
"Oct 12, 2022",1668.00,1672.70,1668.00,1670.30,1670.30,149.00
"Oct 11, 2022",1661.80,1678.70,1661.00,1678.70,1678.70,167.00
"Oct 10, 2022",1693.40,1693.40,1667.00,1667.30,1667.30,195.00
"Oct 7, 2022",1710.10,1710.10,1693.70,1700.50,1700.50,179.00
"Oct 6, 2022",1721.00,1723.30,1709.10,1711.70,1711.70,133.00
"Oct 5, 2022",1724.10,1726.60,1703.00,1711.40,1711.40,418.00
"Oct 4, 2022",1701.20,1728.00,1696.00,1721.10,1721.10,291.00
"Oct 3, 2022",1667.20,1700.00,1661.90,1692.90,1692.90,410.00
"Sep 30, 2022",1661.70,1672.70,1658.00,1662.40,1662.40,548.00
"Sep 29, 2022",1657.00,1662.60,1640.00,1658.50,1658.50,6028.00
"Sep 28, 2022",1620.40,1660.40,1620.40,1660.40,1660.40,18311.00
"Sep 27, 2022",1632.20,1636.60,1626.70,1626.70,1626.70,888.00
"Sep 26, 2022",1623.30,1623.30,1623.30,1623.30,1623.30,1205.00
"Sep 23, 2022",1667.00,1667.00,1645.30,1645.30,1645.30,1224.00
"Sep 22, 2022",1668.30,1670.80,1668.30,1670.80,1670.80,973.00
"Sep 21, 2022",1665.50,1680.10,1664.60,1664.60,1664.60,2337.00
"Sep 20, 2022",1659.70,1659.70,1659.70,1659.70,1659.70,2830.00
"Sep 19, 2022",1661.80,1669.40,1658.50,1666.20,1666.20,580.00
"Sep 16, 2022",1660.40,1674.90,1651.70,1671.70,1671.70,464.00
"Sep 15, 2022",1685.50,1686.00,1662.30,1665.40,1665.40,1125.00
"Sep 14, 2022",1698.70,1701.80,1696.50,1696.50,1696.50,532.00
"Sep 13, 2022",1720.50,1720.50,1697.30,1705.00,1705.00,432.00
"Sep 12, 2022",1727.40,1728.10,1727.40,1728.10,1728.10,68.00
"Sep 9, 2022",1719.20,1720.00,1712.80,1716.20,1716.20,635.00
"Sep 8, 2022",1718.20,1718.20,1705.30,1708.00,1708.00,1193.00
"Sep 7, 2022",1694.80,1715.30,1694.70,1715.30,1715.30,651.00
"Sep 6, 2022",1709.70,1717.40,1699.70,1700.40,1700.40,697.00
"Sep 2, 2022",1703.40,1715.70,1703.10,1709.80,1709.80,182.00
"Sep 1, 2022",1707.90,1707.90,1693.90,1696.60,1696.60,683.00
"Aug 31, 2022",1718.30,1720.90,1708.50,1712.80,1712.80,2133.00
"Aug 30, 2022",1736.40,1739.00,1720.70,1723.20,1723.20,385.00
"Aug 29, 2022",1732.40,1741.20,1732.10,1736.60,1736.60,950.00
"Aug 26, 2022",1754.00,1755.00,1736.10,1736.10,1736.10,202.00
"Aug 25, 2022",1761.60,1761.80,1755.00,1757.70,1757.70,172.00
"Aug 24, 2022",1745.00,1751.80,1743.60,1747.80,1747.80,187.00
"Aug 23, 2022",1738.00,1748.90,1731.90,1746.80,1746.80,509.00
"Aug 22, 2022",1740.50,1740.50,1726.50,1734.00,1734.00,347.00
"Aug 19, 2022",1753.70,1754.30,1747.50,1747.60,1747.60,49.00
"Aug 18, 2022",1762.90,1762.90,1753.40,1755.30,1755.30,321.00
"Aug 17, 2022",1769.70,1769.70,1760.00,1760.30,1760.30,23.00
"Aug 16, 2022",1777.40,1777.40,1771.40,1773.20,1773.20,308.00
"Aug 15, 2022",1799.00,1799.00,1774.70,1781.40,1781.40,64.00
"Aug 12, 2022",1786.30,1800.40,1784.30,1798.60,1798.60,187.00
"Aug 11, 2022",1794.30,1794.30,1785.70,1789.70,1789.70,1235.00
"Aug 10, 2022",1804.40,1804.90,1787.80,1795.60,1795.60,601.00
"Aug 9, 2022",1790.00,1796.10,1789.00,1794.00,1794.00,249.00
"Aug 8, 2022",1771.80,1786.80,1771.80,1786.80,1786.80,127.00
"Aug 5, 2022",1791.20,1791.40,1764.20,1772.90,1772.90,645.00
"Aug 4, 2022",1769.40,1792.10,1767.70,1788.50,1788.50,285.00
"Aug 3, 2022",1756.70,1770.50,1753.00,1758.00,1758.00,399.00
"Aug 2, 2022",1772.10,1786.60,1759.40,1771.10,1771.10,1078.00
"Aug 1, 2022",1763.90,1772.50,1756.10,1769.00,1769.00,705.00
"Jul 29, 2022",1754.00,1765.70,1750.00,1762.90,1762.90,3485.00
"Jul 28, 2022",1732.30,1755.00,1732.00,1750.30,1750.30,37236.00
"Jul 27, 2022",1719.10,1719.10,1719.10,1719.10,1719.10,144865.00
"Jul 26, 2022",1718.00,1718.00,1717.70,1717.70,1717.70,1.00
"Jul 25, 2022",1727.00,1732.00,1719.00,1719.00,1719.00,67.00
"Jul 22, 2022",1713.30,1735.00,1713.00,1727.10,1727.10,61.00
"Jul 21, 2022",1687.00,1715.50,1679.80,1712.70,1712.70,183.00
"Jul 20, 2022",1707.10,1708.50,1699.50,1699.50,1699.50,130.00
"Jul 19, 2022",1712.30,1714.40,1706.10,1710.00,1710.00,1684.00
"Jul 18, 2022",1712.20,1712.40,1709.20,1709.20,1709.20,264.00
"Jul 15, 2022",1705.40,1709.70,1701.10,1702.40,1702.40,721.00
"Jul 14, 2022",1710.30,1710.50,1704.50,1704.50,1704.50,1289.00
"Jul 13, 2022",1710.00,1734.20,1710.00,1734.20,1734.20,368.00
"Jul 12, 2022",1734.20,1735.50,1723.30,1723.30,1723.30,451.00
"Jul 11, 2022",1732.50,1736.70,1730.00,1730.00,1730.00,75.00
"Jul 8, 2022",1738.10,1749.30,1732.10,1740.60,1740.60,370.00
"Jul 7, 2022",1745.20,1745.20,1737.00,1737.90,1737.90,1869.00
"Jul 6, 2022",1762.50,1768.00,1734.00,1734.90,1734.90,1729.00
"Jul 5, 2022",1805.40,1805.40,1761.80,1761.80,1761.80,64.00
"Jul 1, 2022",1795.50,1806.10,1791.60,1798.90,1798.90,77.00
"Jun 30, 2022",1809.60,1817.30,1801.00,1804.10,1804.10,328.00
"Jun 29, 2022",1818.30,1830.30,1812.80,1813.70,1813.70,173.00
"Jun 28, 2022",1824.20,1826.00,1817.50,1817.50,1817.50,391.00
"Jun 27, 2022",1830.50,1830.70,1819.90,1820.90,1820.90,77.00
"Jun 24, 2022",1820.50,1826.50,1815.80,1826.50,1826.50,61.00
"Jun 23, 2022",1835.50,1841.20,1825.70,1825.70,1825.70,9.00
"Jun 22, 2022",1829.50,1842.70,1821.60,1834.30,1834.30,115.00
"Jun 21, 2022",1835.30,1838.60,1830.10,1834.60,1834.60,216.00
"Jun 17, 2022",1853.70,1853.70,1833.60,1835.60,1835.60,170.00
"Jun 16, 2022",1819.20,1850.60,1814.90,1845.70,1845.70,136.00
"Jun 15, 2022",1814.10,1839.00,1810.80,1815.30,1815.30,108.00
"Jun 14, 2022",1825.00,1825.50,1805.30,1809.50,1809.50,536.00
"Jun 13, 2022",1873.80,1873.80,1818.70,1828.00,1828.00,127.00
"Jun 10, 2022",1842.70,1875.60,1823.90,1871.50,1871.50,1490.00
"Jun 9, 2022",1846.10,1850.10,1837.90,1848.80,1848.80,159.00
"Jun 8, 2022",1844.80,1855.00,1844.40,1851.90,1851.90,218.00
"Jun 7, 2022",1836.90,1851.60,1835.00,1847.50,1847.50,1168.00
"Jun 6, 2022",1849.00,1854.10,1839.20,1839.20,1839.20,142.00
"Jun 3, 2022",1867.60,1871.80,1845.40,1845.40,1845.40,53.00
"Jun 2, 2022",1845.40,1868.70,1842.10,1866.50,1866.50,551.00
"Jun 1, 2022",1831.00,1847.90,1825.30,1843.30,1843.30,1623.00
"May 31, 2022",1850.30,1862.10,1832.80,1842.70,1842.70,4073.00
"May 27, 2022",1848.30,1860.70,1845.90,1851.30,1851.30,30091.00
"May 26, 2022",1840.40,1847.40,1840.40,1847.40,1847.40,123355.00
"May 25, 2022",1846.20,1846.20,1846.20,1846.20,1846.20,-
"May 24, 2022",1852.50,1867.00,1852.50,1865.10,1865.10,33.00
"May 23, 2022",1846.30,1863.00,1845.80,1847.80,1847.80,216.00
"May 20, 2022",1839.10,1841.80,1836.30,1841.80,1841.80,110.00
"May 19, 2022",1810.90,1841.20,1810.70,1841.20,1841.20,138.00
"May 18, 2022",1815.00,1819.70,1805.00,1815.90,1815.90,311.00
"May 17, 2022",1824.90,1828.60,1816.70,1818.20,1818.20,121.00
"May 16, 2022",1790.50,1813.50,1787.00,1813.50,1813.50,34.00
"May 13, 2022",1825.00,1825.00,1807.40,1807.40,1807.40,335.00
"May 12, 2022",1849.80,1851.90,1822.20,1823.80,1823.80,153.00
"May 11, 2022",1841.50,1852.60,1841.00,1852.60,1852.60,892.00
"May 10, 2022",1839.90,1839.90,1839.90,1839.90,1839.90,1540.00
"May 9, 2022",1866.60,1867.50,1854.00,1857.10,1857.10,304.00
"May 6, 2022",1874.70,1890.30,1871.50,1881.20,1881.20,214.00
"May 5, 2022",1897.00,1904.30,1874.00,1874.00,1874.00,80.00
"May 4, 2022",1867.00,1867.00,1867.00,1867.00,1867.00,1.00
"May 3, 2022",1868.80,1868.80,1868.80,1868.80,1868.80,466.00
"May 2, 2022",1896.70,1896.80,1853.00,1861.80,1861.80,385.00
"Apr 29, 2022",1902.70,1918.20,1902.40,1909.30,1909.30,132.00
"Apr 28, 2022",1883.80,1893.00,1872.90,1888.70,1888.70,513.00
"Apr 27, 2022",1897.80,1900.60,1882.20,1885.90,1885.90,1786.00
"Apr 26, 2022",1900.50,1909.10,1894.00,1901.40,1901.40,302.00
"Apr 25, 2022",1925.00,1925.00,1889.30,1893.20,1893.20,748.00
"Apr 22, 2022",1949.60,1950.40,1930.20,1931.00,1931.00,178.00
"Apr 21, 2022",1942.50,1944.90,1942.50,1944.90,1944.90,4.00
"Apr 20, 2022",1945.50,1953.60,1945.50,1952.30,1952.30,621.00
"Apr 19, 2022",1973.80,1978.30,1945.70,1955.70,1955.70,130.00
"Apr 18, 2022",1973.40,1997.10,1972.80,1982.90,1982.90,196.00
"Apr 14, 2022",1977.20,1978.70,1963.00,1970.90,1970.90,101.00
"Apr 13, 2022",1969.50,1981.00,1969.50,1981.00,1981.00,204.00
"Apr 12, 2022",1952.50,1977.10,1950.60,1972.10,1972.10,246.00
"Apr 11, 2022",1946.60,1968.40,1941.80,1944.30,1944.30,163.00
"Apr 8, 2022",1928.80,1947.70,1928.80,1941.60,1941.60,153.00
"Apr 7, 2022",1919.50,1934.80,1919.50,1933.80,1933.80,311.00
"Apr 6, 2022",1916.70,1931.80,1916.70,1918.40,1918.40,138.00
"Apr 5, 2022",1927.10,1943.50,1918.40,1922.90,1922.90,412.00
"Apr 4, 2022",1921.20,1936.10,1915.60,1929.20,1929.20,371.00
"Apr 1, 2022",1935.00,1938.00,1917.00,1919.10,1919.10,1016.00
"Mar 31, 2022",1933.50,1949.90,1919.10,1949.20,1949.20,3617.00
"Mar 30, 2022",1918.40,1937.00,1914.50,1933.50,1933.50,17765.00
"Mar 29, 2022",1893.50,1912.00,1893.50,1912.00,1912.00,128051.00
"Mar 28, 2022",1932.60,1939.60,1932.60,1939.60,1939.60,7.00
"Mar 25, 2022",1953.80,1953.80,1953.80,1953.80,1953.80,83.00
"Mar 24, 2022",1963.60,1964.00,1961.60,1961.60,1961.60,8.00
"Mar 23, 2022",1936.60,1936.60,1936.60,1936.60,1936.60,204.00
"Mar 22, 2022",1920.70,1920.70,1920.70,1920.70,1920.70,26.00
"Mar 21, 2022",1925.40,1928.60,1925.00,1928.60,1928.60,5.00
"Mar 18, 2022",1934.50,1939.30,1928.20,1928.20,1928.20,28.00
"Mar 17, 2022",1933.90,1947.20,1933.90,1942.10,1942.10,39.00
"Mar 16, 2022",1922.40,1922.40,1907.20,1908.00,1908.00,104.00
"Mar 15, 2022",1939.80,1939.90,1910.70,1928.50,1928.50,71.00
"Mar 14, 2022",1976.50,1977.70,1959.60,1959.60,1959.60,145.00
"Mar 11, 2022",1985.00,1996.00,1959.90,1982.70,1982.70,865.00
"Mar 10, 2022",1978.10,2010.50,1978.10,1998.10,1998.10,670.00
"Mar 9, 2022",2053.60,2063.00,1980.80,1985.90,1985.90,1022.00
"Mar 8, 2022",1999.40,2072.00,1998.00,2040.10,2040.10,1813.00
"Mar 7, 2022",1989.00,2001.10,1963.00,1993.90,1993.90,2516.00
"Mar 4, 2022",1937.00,1970.90,1935.60,1965.10,1965.10,47.00
"Mar 3, 2022",1930.50,1940.30,1924.80,1934.40,1934.40,122.00
"Mar 2, 2022",1945.60,1948.20,1919.80,1920.90,1920.90,109.00
"Mar 1, 2022",1908.30,1942.40,1903.80,1942.40,1942.40,547.00
"Feb 28, 2022",1928.30,1928.40,1894.20,1899.40,1899.40,390.00
"Feb 25, 2022",1906.90,1920.00,1883.60,1886.50,1886.50,586.00
"Feb 24, 2022",1911.90,1972.50,1911.70,1925.10,1925.10,2706.00
"Feb 23, 2022",1896.60,1910.60,1895.70,1909.20,1909.20,73.00
"Feb 22, 2022",1908.10,1912.00,1890.80,1906.10,1906.10,173.00
"Feb 18, 2022",1899.40,1899.40,1890.70,1898.60,1898.60,51.00
"Feb 17, 2022",1876.30,1900.70,1876.20,1900.70,1900.70,393.00
"Feb 16, 2022",1858.70,1870.20,1856.30,1870.20,1870.20,34.00
"Feb 15, 2022",1872.60,1879.70,1847.40,1854.80,1854.80,86.00
"Feb 14, 2022",1861.80,1870.60,1854.60,1868.00,1868.00,79.00
"Feb 11, 2022",1822.00,1864.80,1822.00,1840.80,1840.80,181.00
"Feb 10, 2022",1833.30,1842.10,1820.80,1836.20,1836.20,365.00
"Feb 9, 2022",1825.40,1835.20,1825.30,1835.20,1835.20,683.00
"Feb 8, 2022",1818.90,1827.60,1815.00,1826.60,1826.60,108.00
"Feb 7, 2022",1812.20,1821.30,1809.10,1820.60,1820.60,601.00
"Feb 4, 2022",1806.00,1813.70,1792.50,1806.60,1806.60,571.00
"Feb 3, 2022",1805.80,1808.10,1787.90,1803.00,1803.00,466.00
"Feb 2, 2022",1797.80,1810.10,1795.10,1809.20,1809.20,1690.00
"Feb 1, 2022",1797.20,1806.10,1797.10,1800.30,1800.30,223.00
"Jan 31, 2022",1788.50,1798.50,1785.10,1795.00,1795.00,1735.00
"Jan 28, 2022",1797.50,1798.40,1778.80,1784.90,1784.90,28521.00
"Jan 27, 2022",1793.30,1793.30,1793.30,1793.30,1793.30,196036.00
"Jan 26, 2022",1829.90,1829.90,1829.90,1829.90,1829.90,55.00
"Jan 25, 2022",1843.00,1852.70,1842.00,1852.70,1852.70,11.00
"Jan 24, 2022",1837.90,1842.10,1837.90,1841.70,1841.70,8.00
"Jan 21, 2022",1838.00,1842.40,1828.90,1831.80,1831.80,19.00
"Jan 20, 2022",1840.60,1843.00,1838.20,1842.50,1842.50,20.00
"Jan 19, 2022",1817.40,1843.10,1817.40,1843.10,1843.10,4.00
"Jan 18, 2022",1816.80,1820.10,1812.30,1812.30,1812.30,900.00
"Jan 14, 2022",1821.50,1822.00,1816.50,1816.50,1816.50,816.00
"Jan 13, 2022",1819.80,1823.00,1815.40,1821.20,1821.20,40.00
"Jan 12, 2022",1819.00,1827.20,1816.90,1827.20,1827.20,1547.00
"Jan 11, 2022",1803.90,1822.50,1803.00,1818.60,1818.60,743.00
"Jan 10, 2022",1794.90,1798.70,1790.40,1798.40,1798.40,534.00
"Jan 7, 2022",1791.80,1797.00,1784.40,1797.00,1797.00,17.00
"Jan 6, 2022",1787.10,1791.30,1787.10,1788.70,1788.70,30.00
"Jan 5, 2022",1813.10,1824.60,1813.10,1824.60,1824.60,8.00
"Jan 4, 2022",1800.50,1815.30,1800.00,1814.00,1814.00,38.00
"Jan 3, 2022",1830.10,1830.10,1798.80,1799.40,1799.40,116.00
"Dec 31, 2021",1825.10,1827.80,1821.40,1827.50,1827.50,80.00
"Dec 30, 2021",1801.70,1816.00,1796.00,1812.70,1812.70,306.00
"Dec 29, 2021",1803.20,1805.10,1791.40,1805.10,1805.10,623.00
"Dec 28, 2021",1812.00,1818.00,1805.50,1810.20,1810.20,146.00
"Dec 27, 2021",1810.00,1812.10,1807.00,1808.10,1808.10,150.00
"Dec 23, 2021",1806.00,1811.20,1800.80,1811.20,1811.20,193.00
"Dec 22, 2021",1786.00,1805.20,1785.50,1801.60,1801.60,567.00
"Dec 21, 2021",1791.40,1796.50,1787.90,1787.90,1787.90,575.00
"Dec 20, 2021",1796.80,1799.80,1792.00,1793.70,1793.70,226.00
"Dec 17, 2021",1804.00,1812.90,1803.80,1803.80,1803.80,654.00
"Dec 16, 2021",1781.00,1798.10,1781.00,1796.60,1796.60,21.00
"Dec 15, 2021",1767.40,1778.70,1753.90,1762.60,1762.60,283.00
"Dec 14, 2021",1787.00,1787.00,1769.00,1770.40,1770.40,322.00
"Dec 13, 2021",1784.40,1787.10,1783.80,1786.30,1786.30,206.00
"Dec 10, 2021",1773.80,1785.40,1769.10,1782.90,1782.90,545.00
"Dec 9, 2021",1783.50,1783.50,1771.80,1774.60,1774.60,455.00
"Dec 8, 2021",1789.90,1789.90,1779.00,1783.40,1783.40,1383.00
"Dec 7, 2021",1779.50,1786.10,1772.30,1782.60,1782.60,308.00
"Dec 6, 2021",1780.20,1783.00,1777.20,1777.50,1777.50,381.00
"Dec 3, 2021",1767.50,1785.10,1766.50,1782.00,1782.00,694.00
"Dec 2, 2021",1780.90,1780.90,1760.60,1760.70,1760.70,1557.00
"Dec 1, 2021",1774.80,1790.50,1772.30,1781.60,1781.60,1128.00
"Nov 30, 2021",1783.90,1808.10,1768.70,1773.60,1773.60,4903.00
"Nov 29, 2021",1791.70,1798.90,1779.10,1782.30,1782.30,26926.00
"Nov 26, 2021",1791.10,1791.40,1785.30,1785.30,1785.30,186800.00
"Nov 24, 2021",1793.00,1793.00,1781.40,1784.10,1784.10,188.00
"Nov 23, 2021",1795.50,1795.50,1783.50,1783.50,1783.50,264.00
"Nov 22, 2021",1841.60,1841.60,1805.70,1806.00,1806.00,14.00
"Nov 19, 2021",1851.20,1851.20,1851.20,1851.20,1851.20,21.00
"Nov 18, 2021",1861.00,1861.00,1861.00,1861.00,1861.00,9.00
"Nov 17, 2021",1862.60,1869.70,1862.60,1869.70,1869.70,2.00
"Nov 16, 2021",1853.60,1853.60,1853.60,1853.60,1853.60,1.00
"Nov 15, 2021",1864.50,1866.90,1864.50,1866.10,1866.10,87.00
"Nov 12, 2021",1860.80,1867.90,1847.60,1867.90,1867.90,210.00
"Nov 11, 2021",1853.90,1866.50,1853.90,1863.20,1863.20,292.00
"Nov 10, 2021",1825.80,1865.00,1824.90,1847.60,1847.60,795.00
"Nov 9, 2021",1826.10,1832.70,1820.70,1830.20,1830.20,170.00
"Nov 8, 2021",1817.00,1827.40,1816.90,1827.40,1827.40,261.00
"Nov 5, 2021",1794.90,1817.10,1794.90,1816.40,1816.40,239.00
"Nov 4, 2021",1776.60,1798.20,1776.20,1793.00,1793.00,103.00
"Nov 3, 2021",1768.00,1768.00,1761.80,1763.60,1763.60,108.00
"Nov 2, 2021",1790.50,1795.50,1787.70,1788.70,1788.70,213.00
"Nov 1, 2021",1787.50,1795.10,1786.70,1795.10,1795.10,142.00
"Oct 29, 2021",1793.10,1797.00,1774.60,1783.00,1783.00,583.00
"Oct 28, 2021",1795.50,1807.30,1795.50,1801.60,1801.60,452.00
"Oct 27, 2021",1791.50,1798.10,1791.50,1797.90,1797.90,543.00
"Oct 26, 2021",1808.80,1808.80,1788.60,1792.70,1792.70,359.00
"Oct 25, 2021",1794.30,1809.00,1794.00,1806.00,1806.00,140.00
"Oct 22, 2021",1787.10,1806.90,1784.00,1795.50,1795.50,532.00
"Oct 21, 2021",1782.00,1785.70,1781.00,1781.20,1781.20,146.00
"Oct 20, 2021",1774.60,1785.60,1774.00,1784.10,1784.10,127.00
"Oct 19, 2021",1777.60,1785.00,1767.50,1769.70,1769.70,51.00
"Oct 18, 2021",1761.60,1770.10,1759.50,1764.80,1764.80,266.00
"Oct 15, 2021",1794.50,1795.40,1766.60,1767.20,1767.20,874.00
"Oct 14, 2021",1792.20,1799.90,1792.00,1796.70,1796.70,337.00
"Oct 13, 2021",1760.80,1794.50,1760.80,1793.70,1793.70,150.00
"Oct 12, 2021",1751.90,1768.00,1749.80,1758.30,1758.30,139.00
"Oct 11, 2021",1756.60,1757.80,1752.20,1754.60,1754.60,128.00
"Oct 8, 2021",1757.00,1780.00,1754.20,1756.30,1756.30,254.00
"Oct 7, 2021",1762.40,1762.40,1752.80,1757.90,1757.90,336.00
"Oct 6, 2021",1759.30,1762.90,1744.70,1760.50,1760.50,56.00
"Oct 5, 2021",1764.30,1764.30,1749.00,1759.60,1759.60,98.00
"Oct 4, 2021",1764.50,1768.90,1749.50,1766.20,1766.20,417.00
"Oct 1, 2021",1754.30,1762.60,1748.50,1757.00,1757.00,2220.00
"Sep 30, 2021",1725.50,1760.30,1724.50,1755.30,1755.30,997.00
"Sep 29, 2021",1732.40,1744.10,1721.40,1721.50,1721.50,6634.00
"Sep 28, 2021",1739.60,1741.70,1726.80,1735.80,1735.80,15748.00
"Sep 27, 2021",1751.70,1754.40,1747.50,1750.00,1750.00,808.00
"Sep 24, 2021",1749.70,1749.70,1745.00,1749.70,1749.70,76.00
"Sep 23, 2021",1766.80,1766.80,1738.20,1747.70,1747.70,31.00
"Sep 22, 2021",1776.70,1784.30,1767.00,1776.70,1776.70,17.00
"Sep 21, 2021",1762.20,1776.00,1759.00,1776.00,1776.00,106.00
"Sep 20, 2021",1751.80,1761.80,1750.90,1761.80,1761.80,185.00
"Sep 17, 2021",1758.80,1763.00,1749.40,1749.40,1749.40,581.00
"Sep 16, 2021",1792.90,1792.90,1743.90,1754.60,1754.60,1645.00
"Sep 15, 2021",1803.70,1803.70,1792.40,1792.40,1792.40,59.00
"Sep 14, 2021",1791.40,1806.20,1783.00,1804.70,1804.70,764.00
"Sep 13, 2021",1789.80,1796.00,1784.00,1792.00,1792.00,533.00
"Sep 10, 2021",1789.60,1789.60,1789.60,1789.60,1789.60,-
"Sep 9, 2021",1798.70,1798.70,1787.90,1797.40,1797.40,49.00
"Sep 8, 2021",1781.70,1790.70,1781.70,1790.70,1790.70,69.00
"Sep 7, 2021",1825.70,1825.70,1792.70,1795.90,1795.90,48.00
"Sep 3, 2021",1820.90,1833.90,1818.90,1830.90,1830.90,53.00
"Sep 2, 2021",1813.20,1813.90,1806.80,1808.70,1808.70,26.00
"Sep 1, 2021",1813.50,1815.90,1809.50,1813.10,1813.10,114.00
"Aug 31, 2021",1815.90,1815.90,1801.10,1815.00,1815.00,82.00
"Aug 30, 2021",1818.20,1820.30,1807.80,1809.00,1809.00,684.00
"Aug 27, 2021",1803.40,1816.60,1803.10,1816.60,1816.60,1219.00
"Aug 26, 2021",1787.40,1792.20,1781.00,1792.20,1792.20,61.00
"Aug 25, 2021",1792.00,1792.90,1784.00,1788.20,1788.20,812.00
"Aug 24, 2021",1801.00,1805.60,1801.00,1805.60,1805.60,22.00
"Aug 23, 2021",1776.80,1804.80,1776.80,1803.20,1803.20,32.00
"Aug 20, 2021",1784.10,1787.50,1778.20,1781.00,1781.00,235.00
"Aug 19, 2021",1780.00,1789.30,1775.50,1780.20,1780.20,245.00
"Aug 18, 2021",1787.80,1791.50,1779.00,1781.60,1781.60,263.00
"Aug 17, 2021",1787.70,1794.20,1780.00,1785.00,1785.00,200.00
"Aug 16, 2021",1776.90,1787.80,1771.90,1786.90,1786.90,219.00
"Aug 13, 2021",1758.30,1777.30,1757.40,1775.20,1775.20,436.00
"Aug 12, 2021",1749.70,1752.40,1745.50,1749.00,1749.00,739.00
"Aug 11, 2021",1727.30,1752.20,1727.30,1750.40,1750.40,542.00
"Aug 10, 2021",1728.60,1735.20,1720.10,1728.80,1728.80,1363.00
"Aug 9, 2021",1753.50,1753.80,1692.60,1723.40,1723.40,1621.00
"Aug 6, 2021",1799.80,1800.10,1758.40,1760.00,1760.00,859.00
"Aug 5, 2021",1810.80,1813.70,1796.00,1805.10,1805.10,588.00
"Aug 4, 2021",1809.30,1831.30,1806.30,1810.50,1810.50,2860.00
"Aug 3, 2021",1812.30,1813.50,1806.00,1810.10,1810.10,3341.00
"Aug 2, 2021",1812.40,1818.70,1804.80,1818.10,1818.10,1334.00
"Jul 30, 2021",1828.00,1830.50,1808.90,1812.60,1812.60,3100.00
"Jul 29, 2021",1806.60,1832.60,1806.10,1831.20,1831.20,30496.00
"Jul 28, 2021",1799.50,1799.50,1799.50,1799.50,1799.50,209783.00
"Jul 27, 2021",1803.70,1803.70,1799.50,1799.50,1799.50,1.00
"Jul 26, 2021",1802.50,1802.50,1797.20,1798.70,1798.70,17.00
"Jul 23, 2021",1800.00,1801.40,1800.00,1801.40,1801.40,1.00
"Jul 22, 2021",1793.60,1805.00,1793.60,1805.00,1805.00,2.00
"Jul 21, 2021",1807.00,1807.00,1800.00,1802.90,1802.90,135.00
"Jul 20, 2021",1812.90,1824.00,1810.90,1810.90,1810.90,128.00
"Jul 19, 2021",1803.30,1813.40,1803.30,1808.70,1808.70,33.00
"Jul 16, 2021",1830.10,1831.40,1814.50,1814.50,1814.50,78.00
"Jul 15, 2021",1831.60,1833.00,1823.40,1828.40,1828.40,99.00
"Jul 14, 2021",1813.10,1829.00,1813.10,1824.30,1824.30,707.00
"Jul 13, 2021",1808.10,1812.00,1800.60,1809.40,1809.40,78.00
"Jul 12, 2021",1802.60,1805.50,1799.50,1805.50,1805.50,147.00
"Jul 9, 2021",1803.60,1810.10,1798.80,1810.00,1810.00,218.00
"Jul 8, 2021",1797.00,1818.50,1797.00,1799.60,1799.60,148.00
"Jul 7, 2021",1798.70,1808.40,1797.20,1801.50,1801.50,244.00
"Jul 6, 2021",1786.70,1809.80,1786.70,1793.50,1793.50,332.00
"Jul 2, 2021",1778.70,1787.90,1778.30,1782.60,1782.60,23.00
"Jul 1, 2021",1775.70,1781.20,1768.80,1775.90,1775.90,44.00
"Jun 30, 2021",1761.10,1770.80,1759.20,1770.80,1770.80,51.00
"Jun 29, 2021",1776.80,1777.10,1752.10,1762.80,1762.80,419.00
"Jun 28, 2021",1779.60,1779.60,1779.60,1779.60,1779.60,888.00
"Jun 25, 2021",1777.70,1788.00,1775.20,1776.60,1776.60,35.00
"Jun 24, 2021",1778.90,1786.40,1775.60,1775.60,1775.60,78.00
"Jun 23, 2021",1780.70,1793.20,1780.60,1782.30,1782.30,136.00
"Jun 22, 2021",1783.40,1786.90,1775.90,1776.30,1776.30,101.00
"Jun 21, 2021",1768.80,1785.20,1766.80,1781.80,1781.80,38.00
"Jun 18, 2021",1775.70,1792.40,1767.90,1767.90,1767.90,354.00
"Jun 17, 2021",1811.80,1823.30,1769.60,1773.80,1773.80,1135.00
"Jun 16, 2021",1859.40,1860.10,1809.20,1859.50,1859.50,117.00
"Jun 15, 2021",1866.40,1867.20,1854.40,1854.50,1854.50,78.00
"Jun 14, 2021",1866.20,1866.60,1846.50,1864.00,1864.00,41.00
"Jun 11, 2021",1900.90,1902.30,1875.20,1877.40,1877.40,349.00
"Jun 10, 2021",1887.70,1899.80,1871.50,1894.20,1894.20,186.00
"Jun 9, 2021",1894.90,1897.70,1889.20,1893.20,1893.20,148.00
"Jun 8, 2021",1896.50,1902.90,1890.00,1892.20,1892.20,930.00
"Jun 7, 2021",1890.50,1899.70,1883.20,1896.80,1896.80,87.00
"Jun 4, 2021",1869.30,1895.50,1854.00,1889.80,1889.80,367.00
"Jun 3, 2021",1908.80,1908.80,1865.00,1871.20,1871.20,1021.00
"Jun 2, 2021",1899.20,1908.80,1896.00,1907.50,1907.50,1267.00
"Jun 1, 2021",1905.10,1916.20,1892.80,1902.90,1902.90,640.00
"May 28, 2021",1897.50,1905.40,1881.90,1902.50,1902.50,2415.00
"May 27, 2021",1896.80,1903.90,1888.20,1895.70,1895.70,35794.00
"May 26, 2021",1901.30,1901.30,1901.30,1901.30,1901.30,170526.00
"May 25, 2021",1882.50,1898.10,1882.50,1898.10,1898.10,56.00
"May 24, 2021",1882.10,1884.60,1882.10,1884.60,1884.60,39.00
"May 21, 2021",1872.10,1876.70,1872.10,1876.70,1876.70,5.00
"May 20, 2021",1865.50,1885.00,1864.80,1881.80,1881.80,85.00
"May 19, 2021",1866.40,1884.90,1863.60,1881.30,1881.30,348.00
"May 18, 2021",1870.50,1870.50,1867.80,1867.80,1867.80,3.00
"May 17, 2021",1849.90,1867.50,1847.20,1867.50,1867.50,13.00
"May 14, 2021",1824.50,1842.90,1824.50,1837.90,1837.90,41.00
"May 13, 2021",1814.70,1826.80,1814.10,1823.80,1823.80,100.00
"May 12, 2021",1825.20,1825.20,1821.70,1822.60,1822.60,3.00
"May 11, 2021",1837.20,1838.10,1831.60,1835.90,1835.90,420.00
"May 10, 2021",1835.60,1845.60,1835.40,1837.50,1837.50,13.00
"May 7, 2021",1842.90,1842.90,1831.10,1831.10,1831.10,2.00
"May 6, 2021",1788.90,1815.50,1787.60,1815.50,1815.50,13.00
"May 5, 2021",1781.50,1784.10,1779.20,1784.10,1784.10,57.00
"May 4, 2021",1788.20,1788.50,1774.80,1775.80,1775.80,182.00
"May 3, 2021",1788.50,1793.00,1788.50,1791.40,1791.40,18.00
"Apr 30, 2021",1771.80,1771.80,1763.90,1767.30,1767.30,18.00
"Apr 29, 2021",1781.00,1789.00,1758.60,1768.10,1768.10,196.00
"Apr 28, 2021",1768.20,1774.00,1764.60,1773.20,1773.20,756.00
"Apr 27, 2021",1780.00,1782.00,1777.70,1778.00,1778.00,117.00
"Apr 26, 2021",1778.00,1779.70,1770.80,1779.20,1779.20,549.00
"Apr 23, 2021",1786.10,1794.50,1772.00,1777.00,1777.00,332.00
"Apr 22, 2021",1794.20,1794.20,1779.50,1781.20,1781.20,159.00
"Apr 21, 2021",1783.00,1794.10,1777.70,1792.30,1792.30,250.00
"Apr 20, 2021",1769.30,1777.30,1765.50,1777.30,1777.30,1464.00
"Apr 19, 2021",1782.10,1788.50,1769.40,1769.40,1769.40,144.00
"Apr 16, 2021",1770.40,1779.50,1770.10,1779.00,1779.00,625.00
"Apr 15, 2021",1740.10,1767.90,1740.10,1765.40,1765.40,368.00
"Apr 14, 2021",1741.30,1745.90,1732.70,1734.90,1734.90,1037.00
"Apr 13, 2021",1733.80,1746.90,1722.10,1746.20,1746.20,367.00
"Apr 12, 2021",1740.80,1740.80,1726.70,1731.20,1731.20,40.00
"Apr 9, 2021",1750.80,1750.80,1733.30,1743.30,1743.30,484.00
"Apr 8, 2021",1736.00,1758.00,1734.60,1756.80,1756.80,1298.00
"Apr 7, 2021",1742.70,1742.70,1733.70,1740.10,1740.10,557.00
"Apr 6, 2021",1726.90,1744.80,1726.90,1741.50,1741.50,890.00
"Apr 5, 2021",1727.90,1729.70,1721.90,1727.00,1727.00,275.00
"Apr 1, 2021",1706.80,1728.80,1706.40,1726.50,1726.50,720.00
"Mar 31, 2021",1683.70,1713.80,1676.50,1713.80,1713.80,762.00
"Mar 30, 2021",1711.00,1712.60,1676.50,1683.90,1683.90,25316.00
"Mar 29, 2021",1712.10,1712.10,1712.10,1712.10,1712.10,135457.00
"Mar 26, 2021",1721.30,1732.20,1721.30,1732.20,1732.20,33.00
"Mar 25, 2021",1732.70,1733.20,1724.50,1724.90,1724.90,15.00
"Mar 24, 2021",1727.50,1732.90,1727.50,1732.90,1732.90,26.00
"Mar 23, 2021",1724.70,1724.70,1724.70,1724.70,1724.70,6.00
"Mar 22, 2021",1737.80,1737.80,1737.80,1737.80,1737.80,51.00
"Mar 19, 2021",1742.20,1742.20,1733.60,1741.40,1741.40,13.00
"Mar 18, 2021",1745.80,1750.30,1721.80,1732.20,1732.20,138.00
"Mar 17, 2021",1735.30,1750.10,1725.60,1726.80,1726.80,488.00
"Mar 16, 2021",1732.30,1733.90,1726.00,1730.60,1730.60,729.00
"Mar 15, 2021",1729.50,1731.90,1722.80,1728.90,1728.90,147.00
"Mar 12, 2021",1715.90,1722.50,1699.00,1719.50,1719.50,80.00
"Mar 11, 2021",1725.60,1737.50,1720.20,1722.30,1722.30,18.00
"Mar 10, 2021",1713.60,1722.90,1711.00,1721.50,1721.50,412.00
"Mar 9, 2021",1686.20,1717.50,1685.20,1716.60,1716.60,335.00
"Mar 8, 2021",1704.70,1705.40,1673.70,1677.70,1677.70,1290.00
"Mar 5, 2021",1690.60,1701.00,1685.00,1698.00,1698.00,302.00
"Mar 4, 2021",1706.50,1717.40,1700.20,1700.20,1700.20,521.00
"Mar 3, 2021",1730.00,1732.40,1703.50,1715.30,1715.30,501.00
"Mar 2, 2021",1709.40,1733.10,1708.70,1733.10,1733.10,867.00
"Mar 1, 2021",1737.10,1747.00,1720.30,1722.50,1722.50,407.00
"Feb 26, 2021",1768.10,1768.20,1718.80,1728.10,1728.10,1593.00
"Feb 25, 2021",1801.50,1802.00,1766.70,1774.40,1774.40,1049.00
"Feb 24, 2021",1805.80,1805.80,1796.40,1796.40,1796.40,1500.00
"Feb 23, 2021",1809.60,1811.30,1796.40,1804.40,1804.40,569.00
"Feb 22, 2021",1784.00,1807.80,1784.00,1806.70,1806.70,165.00
"Feb 19, 2021",1764.30,1787.60,1764.30,1775.80,1775.80,118.00
"Feb 18, 2021",1776.10,1784.60,1766.00,1773.40,1773.40,587.00
"Feb 17, 2021",1785.80,1789.70,1768.80,1771.10,1771.10,614.00
"Feb 16, 2021",1820.90,1823.40,1787.30,1797.20,1797.20,1141.00
"Feb 12, 2021",1825.00,1827.50,1809.20,1821.60,1821.60,259.00
"Feb 11, 2021",1840.50,1845.00,1820.90,1824.90,1824.90,602.00
"Feb 10, 2021",1842.60,1851.10,1837.00,1840.60,1840.60,543.00
"Feb 9, 2021",1841.90,1843.30,1830.70,1835.30,1835.30,184.00
"Feb 8, 2021",1816.30,1836.70,1809.00,1831.90,1831.90,254.00
"Feb 5, 2021",1794.30,1813.50,1790.90,1810.90,1810.90,1278.00
"Feb 4, 2021",1832.20,1832.20,1782.80,1788.90,1788.90,2375.00
"Feb 3, 2021",1834.80,1842.40,1829.80,1832.20,1832.20,1195.00
"Feb 2, 2021",1859.60,1861.30,1827.60,1830.50,1830.50,1293.00
"Feb 1, 2021",1866.60,1871.90,1850.00,1860.80,1860.80,1494.00
"Jan 29, 2021",1842.00,1876.00,1838.70,1847.30,1847.30,1634.00
"Jan 28, 2021",1843.40,1862.90,1831.50,1837.90,1837.90,27283.00
"Jan 27, 2021",1844.90,1844.90,1844.90,1844.90,1844.90,195540.00
"Jan 26, 2021",1855.80,1855.80,1850.70,1850.70,1850.70,59.00
"Jan 25, 2021",1864.70,1864.70,1851.80,1854.90,1854.90,26.00
"Jan 22, 2021",1854.90,1855.70,1852.70,1855.70,1855.70,8.00
"Jan 21, 2021",1865.30,1868.00,1865.30,1865.30,1865.30,6.00
"Jan 20, 2021",1847.80,1866.60,1844.40,1865.90,1865.90,16.00
"Jan 19, 2021",1802.00,1842.90,1802.00,1839.50,1839.50,13.00
"Jan 15, 2021",1829.40,1829.40,1825.00,1829.30,1829.30,31.00
"Jan 14, 2021",1836.70,1850.70,1836.70,1850.30,1850.30,149.00
"Jan 13, 2021",1858.00,1858.60,1853.60,1853.60,1853.60,189.00
"Jan 12, 2021",1849.00,1859.70,1839.40,1842.90,1842.90,176.00
"Jan 11, 2021",1826.50,1849.60,1826.50,1849.60,1849.60,20.00
"Jan 8, 2021",1908.00,1908.00,1834.10,1834.10,1834.10,60.00
"Jan 7, 2021",1922.60,1926.70,1912.00,1912.30,1912.30,122.00
"Jan 6, 2021",1952.00,1959.90,1901.50,1906.90,1906.90,331.00
"Jan 5, 2021",1941.70,1952.70,1941.30,1952.70,1952.70,113.00
"Jan 4, 2021",1912.20,1945.10,1912.20,1944.70,1944.70,154.00
"Dec 31, 2020",1897.00,1901.30,1892.70,1893.10,1893.10,127.00
"Dec 30, 2020",1879.90,1895.80,1877.30,1891.00,1891.00,444.00
"Dec 29, 2020",1881.30,1881.30,1879.70,1879.70,1879.70,343.00
"Dec 28, 2020",1895.50,1895.80,1873.70,1877.20,1877.20,75.00
"Dec 24, 2020",1877.30,1879.90,1875.70,1879.90,1879.90,46.00
"Dec 23, 2020",1867.00,1878.80,1864.50,1874.70,1874.70,82.00
"Dec 22, 2020",1882.20,1882.20,1861.00,1866.60,1866.60,233.00
"Dec 21, 2020",1884.80,1908.00,1869.10,1879.20,1879.20,136.00
"Dec 18, 2020",1882.40,1889.50,1882.30,1885.70,1885.70,276.00
"Dec 17, 2020",1874.20,1896.20,1874.20,1887.20,1887.20,414.00
"Dec 16, 2020",1856.50,1864.70,1850.50,1856.10,1856.10,1090.00
"Dec 15, 2020",1833.50,1853.60,1833.20,1852.30,1852.30,961.00
"Dec 14, 2020",1835.50,1835.70,1822.70,1828.70,1828.70,258.00
"Dec 11, 2020",1838.50,1846.00,1829.10,1839.80,1839.80,109.00
"Dec 10, 2020",1833.20,1849.10,1828.00,1833.60,1833.60,177.00
"Dec 9, 2020",1867.10,1867.10,1827.00,1834.60,1834.60,215.00
"Dec 8, 2020",1863.00,1875.80,1861.80,1870.80,1870.80,121.00
"Dec 7, 2020",1836.50,1866.90,1820.80,1861.80,1861.80,1427.00
"Dec 4, 2020",1840.70,1847.60,1828.20,1835.90,1835.90,1213.00
"Dec 3, 2020",1829.20,1842.00,1825.30,1836.80,1836.80,1765.00
"Dec 2, 2020",1811.30,1830.00,1807.80,1825.70,1825.70,771.00
"Dec 1, 2020",1775.00,1815.90,1774.90,1814.10,1814.10,1859.00
"Nov 30, 2020",1785.00,1787.20,1762.30,1775.70,1775.70,3145.00
"Nov 27, 2020",1806.10,1817.00,1770.70,1781.90,1781.90,71804.00
"Nov 25, 2020",1801.40,1805.70,1801.40,1805.70,1805.70,205754.00
"Nov 24, 2020",1829.30,1829.30,1799.30,1804.80,1804.80,1041.00
"Nov 23, 2020",1834.80,1837.80,1829.20,1837.80,1837.80,843.00
"Nov 20, 2020",1871.20,1872.60,1871.20,1872.60,1872.60,1900.00
"Nov 19, 2020",1865.80,1865.80,1856.00,1861.10,1861.10,59.00
"Nov 18, 2020",1873.50,1873.50,1873.50,1873.50,1873.50,152.00
"Nov 17, 2020",1888.40,1888.40,1884.50,1884.50,1884.50,59.00
"Nov 16, 2020",1874.60,1887.30,1871.00,1887.30,1887.30,6.00
"Nov 13, 2020",1877.00,1890.10,1876.80,1885.70,1885.70,240.00
"Nov 12, 2020",1869.00,1878.50,1866.60,1872.60,1872.60,220.00
"Nov 11, 2020",1878.80,1878.80,1855.50,1860.70,1860.70,222.00
"Nov 10, 2020",1879.30,1885.30,1871.20,1875.40,1875.40,276.00
"Nov 9, 2020",1955.60,1963.20,1847.10,1853.20,1853.20,745.00
"Nov 6, 2020",1940.80,1958.80,1940.80,1950.30,1950.30,304.00
"Nov 5, 2020",1901.70,1948.00,1901.70,1945.30,1945.30,135.00
"Nov 4, 2020",1893.80,1907.00,1885.30,1894.60,1894.60,782.00
"Nov 3, 2020",1891.50,1908.50,1891.50,1908.50,1908.50,712.00
"Nov 2, 2020",1872.90,1894.70,1872.90,1890.40,1890.40,190.00
"Oct 30, 2020",1862.80,1886.60,1862.80,1877.40,1877.40,725.00
"Oct 29, 2020",1876.10,1879.80,1858.80,1865.60,1865.60,240.00
"Oct 28, 2020",1870.90,1876.20,1870.90,1876.20,1876.20,277.00
"Oct 27, 2020",1904.60,1908.80,1904.40,1908.80,1908.80,176.00
"Oct 26, 2020",1895.50,1907.00,1893.50,1902.70,1902.70,242.00
"Oct 23, 2020",1899.90,1913.30,1896.20,1902.00,1902.00,287.00
"Oct 22, 2020",1924.30,1924.30,1898.20,1901.10,1901.10,899.00
"Oct 21, 2020",1913.60,1927.30,1913.60,1924.60,1924.60,1202.00
"Oct 20, 2020",1901.30,1910.40,1896.10,1910.40,1910.40,329.00
"Oct 19, 2020",1907.30,1907.80,1899.50,1906.40,1906.40,43.00
"Oct 16, 2020",1898.50,1900.80,1898.50,1900.80,1900.80,53.00
"Oct 15, 2020",1897.30,1906.30,1889.60,1903.20,1903.20,254.00
"Oct 14, 2020",1889.70,1910.80,1882.50,1901.30,1901.30,33.00
"Oct 13, 2020",1921.90,1922.20,1887.00,1888.50,1888.50,191.00
"Oct 12, 2020",1924.00,1926.50,1921.60,1922.50,1922.50,96.00
"Oct 9, 2020",1909.30,1929.10,1905.10,1919.50,1919.50,580.00
"Oct 8, 2020",1893.00,1893.00,1882.70,1888.60,1888.60,348.00
"Oct 7, 2020",1874.10,1889.80,1873.10,1883.60,1883.60,50.00
"Oct 6, 2020",1906.60,1918.00,1874.40,1901.10,1901.10,968.00
"Oct 5, 2020",1898.90,1915.60,1884.70,1912.50,1912.50,1360.00
"Oct 2, 2020",1893.90,1913.00,1893.90,1900.20,1900.20,530.00
"Oct 1, 2020",1884.10,1909.60,1882.50,1908.40,1908.40,730.00
"Sep 30, 2020",1893.00,1899.70,1879.80,1887.50,1887.50,600.00
"Sep 29, 2020",1876.50,1895.40,1872.40,1894.30,1894.30,3283.00
"Sep 28, 2020",1872.80,1872.80,1872.80,1872.80,1872.80,10455.00
"Sep 25, 2020",1856.30,1857.70,1856.30,1857.70,1857.70,4.00
"Sep 24, 2020",1851.50,1868.30,1851.50,1868.30,1868.30,365.00
"Sep 23, 2020",1875.50,1875.50,1859.90,1859.90,1859.90,5.00
"Sep 22, 2020",1913.10,1913.10,1898.60,1898.60,1898.60,331.00
"Sep 21, 2020",1946.20,1946.20,1883.40,1901.20,1901.20,52.00
"Sep 18, 2020",1950.50,1952.10,1949.00,1952.10,1952.10,38.00
"Sep 17, 2020",1939.00,1946.00,1933.70,1940.00,1940.00,67.00
"Sep 16, 2020",1961.30,1961.40,1956.70,1960.20,1960.20,124.00
"Sep 15, 2020",1955.80,1968.50,1955.80,1956.30,1956.30,74.00
"Sep 14, 2020",1946.30,1953.10,1943.00,1953.10,1953.10,55.00
"Sep 11, 2020",1944.00,1949.50,1937.80,1937.80,1937.80,73.00
"Sep 10, 2020",1944.10,1962.70,1944.10,1954.20,1954.20,722.00
"Sep 9, 2020",1926.90,1946.20,1924.60,1944.70,1944.70,219.00
"Sep 8, 2020",1930.90,1937.90,1903.10,1933.00,1933.00,271.00
"Sep 4, 2020",1927.90,1939.70,1917.70,1923.90,1923.90,607.00
"Sep 3, 2020",1937.10,1938.80,1923.00,1927.60,1927.60,179.00
"Sep 2, 2020",1967.30,1967.30,1934.40,1934.40,1934.40,71.00
"Sep 1, 2020",1961.70,1986.30,1961.70,1968.20,1968.20,186.00
"Aug 31, 2020",1970.00,1971.30,1953.30,1967.60,1967.60,158.00
"Aug 28, 2020",1927.10,1971.30,1922.50,1964.60,1964.60,778.00
"Aug 27, 2020",1948.90,1972.50,1921.60,1921.60,1921.60,2303.00
"Aug 26, 2020",1909.70,1950.80,1909.70,1940.70,1940.70,287.00
"Aug 25, 2020",1927.50,1928.50,1911.80,1911.80,1911.80,176.00
"Aug 24, 2020",1930.20,1940.00,1922.20,1927.70,1927.70,85.00
"Aug 21, 2020",1941.00,1945.00,1908.90,1934.60,1934.60,184.00
"Aug 20, 2020",1941.20,1948.30,1922.30,1933.80,1933.80,106.00
"Aug 19, 2020",1980.00,1980.00,1938.70,1958.70,1958.70,347.00
"Aug 18, 2020",2001.10,2002.80,1972.10,1999.40,1999.40,92.00
"Aug 17, 2020",1949.60,1985.00,1949.60,1985.00,1985.00,97.00
"Aug 14, 2020",1938.70,1947.40,1937.00,1937.00,1937.00,201.00
"Aug 13, 2020",1921.50,1957.40,1916.90,1956.70,1956.70,71.00
"Aug 12, 2020",1923.00,1946.60,1871.60,1934.90,1934.90,404.00
"Aug 11, 2020",2012.40,2016.00,1904.00,1932.60,1932.60,971.00
"Aug 10, 2020",2026.40,2043.80,2017.50,2024.40,2024.40,233.00
"Aug 7, 2020",2040.10,2055.00,2009.60,2010.10,2010.10,808.00
"Aug 6, 2020",2045.50,2063.00,2040.00,2051.50,2051.50,294.00
"Aug 5, 2020",2024.00,2050.20,2011.00,2031.10,2031.10,1422.00
"Aug 4, 2020",1971.00,2016.20,1968.80,2001.20,2001.20,2010.00
"Aug 3, 2020",1984.30,1984.30,1955.50,1966.00,1966.00,683.00
"Jul 31, 2020",1948.60,1981.10,1948.00,1962.80,1962.80,2914.00
"Jul 30, 2020",1963.40,1965.10,1930.00,1942.30,1942.30,28853.00
"Jul 29, 2020",1953.20,1953.50,1952.60,1953.50,1953.50,209835.00
"Jul 28, 2020",1931.50,1944.70,1928.60,1944.70,1944.70,825.00
"Jul 27, 2020",1901.70,1938.00,1901.50,1931.00,1931.00,364.00
"Jul 24, 2020",1884.30,1897.30,1884.30,1897.30,1897.30,474.00
"Jul 23, 2020",1868.70,1890.30,1868.50,1889.10,1889.10,133.00
"Jul 22, 2020",1858.10,1867.00,1854.70,1864.10,1864.10,213.00
"Jul 21, 2020",1822.00,1842.40,1822.00,1842.40,1842.40,117.00
"Jul 20, 2020",1807.00,1817.30,1807.00,1815.90,1815.90,89.00
"Jul 17, 2020",1798.50,1810.10,1798.50,1808.30,1808.30,24.00
"Jul 16, 2020",1810.90,1810.90,1794.30,1798.70,1798.70,146.00
"Jul 15, 2020",1806.10,1813.50,1806.10,1811.40,1811.40,167.00
"Jul 14, 2020",1791.00,1811.50,1791.00,1810.60,1810.60,339.00
"Jul 13, 2020",1805.00,1811.00,1805.00,1811.00,1811.00,164.00
"Jul 10, 2020",1805.50,1805.50,1797.70,1798.20,1798.20,236.00
"Jul 9, 2020",1816.10,1819.80,1799.20,1799.20,1799.20,396.00
"Jul 8, 2020",1801.50,1817.90,1801.50,1815.50,1815.50,209.00
"Jul 7, 2020",1789.30,1804.20,1783.30,1804.20,1804.20,751.00
"Jul 6, 2020",1788.20,1790.10,1788.20,1788.50,1788.50,172.00
"Jul 2, 2020",1773.40,1784.00,1768.70,1784.00,1784.00,215.00
"Jul 1, 2020",1793.60,1798.00,1765.80,1773.20,1773.20,331.00
"Jun 30, 2020",1777.30,1793.20,1774.40,1793.00,1793.00,986.00
"Jun 29, 2020",1779.80,1780.20,1774.30,1774.80,1774.80,584.00
"Jun 26, 2020",1766.00,1772.50,1764.70,1772.50,1772.50,640.00
"Jun 25, 2020",1761.70,1764.80,1759.80,1762.10,1762.10,207.00
"Jun 24, 2020",1778.30,1783.10,1764.50,1765.80,1765.80,961.00
"Jun 23, 2020",1755.40,1776.30,1754.20,1772.10,1772.10,666.00
"Jun 22, 2020",1755.20,1767.60,1750.50,1756.70,1756.70,1356.00
"Jun 19, 2020",1723.70,1750.70,1723.50,1745.90,1745.90,1329.00
"Jun 18, 2020",1730.50,1734.10,1717.30,1724.80,1724.80,110.00
"Jun 17, 2020",1714.70,1729.20,1714.70,1729.20,1729.20,51.00
"Jun 16, 2020",1726.30,1729.60,1722.40,1729.60,1729.60,22.00
"Jun 15, 2020",1730.00,1730.00,1703.30,1720.30,1720.30,188.00
"Jun 12, 2020",1724.90,1743.00,1724.90,1729.30,1729.30,318.00
"Jun 11, 2020",1737.20,1744.10,1720.00,1732.00,1732.00,347.00
"Jun 10, 2020",1716.10,1740.80,1711.90,1713.30,1713.30,718.00
"Jun 9, 2020",1694.60,1720.90,1692.00,1714.70,1714.70,690.00
"Jun 8, 2020",1679.10,1699.40,1675.90,1698.30,1698.30,587.00
"Jun 5, 2020",1711.80,1711.80,1668.60,1676.20,1676.20,1502.00
"Jun 4, 2020",1694.50,1718.90,1694.50,1718.90,1718.90,807.00
"Jun 3, 2020",1726.30,1726.30,1684.50,1697.80,1697.80,2755.00
"Jun 2, 2020",1743.00,1745.50,1721.80,1725.20,1725.20,741.00
"Jun 1, 2020",1740.40,1747.00,1727.10,1737.80,1737.80,871.00
"May 29, 2020",1718.80,1738.30,1715.10,1736.90,1736.90,1526.00
"May 28, 2020",1709.30,1727.80,1705.00,1713.30,1713.30,23355.00
"May 27, 2020",1685.60,1710.30,1685.60,1710.30,1710.30,137416.00
"May 26, 2020",1726.40,1726.40,1704.80,1704.80,1704.80,39.00
"May 22, 2020",1726.60,1734.60,1726.60,1734.60,1734.60,6.00
"May 21, 2020",1746.80,1746.80,1720.50,1720.50,1720.50,528.00
"May 20, 2020",1751.60,1752.10,1745.60,1750.60,1750.60,16.00
"May 19, 2020",1744.20,1749.50,1744.20,1744.20,1744.20,167.00
"May 18, 2020",1755.70,1770.50,1731.80,1731.80,1731.80,229.00
"May 15, 2020",1739.70,1753.40,1739.70,1753.40,1753.40,719.00
"May 14, 2020",1724.30,1743.10,1720.50,1738.10,1738.10,672.00
"May 13, 2020",1702.00,1721.30,1701.90,1713.90,1713.90,431.00
"May 12, 2020",1699.30,1713.10,1699.30,1704.40,1704.40,324.00
"May 11, 2020",1702.30,1704.50,1690.20,1695.30,1695.30,749.00
"May 8, 2020",1726.20,1728.90,1703.80,1709.90,1709.90,330.00
"May 7, 2020",1686.20,1721.80,1685.60,1721.80,1721.80,853.00
"May 6, 2020",1704.00,1704.00,1684.20,1684.20,1684.20,469.00
"May 5, 2020",1701.50,1704.40,1697.20,1704.40,1704.40,82.00
"May 4, 2020",1702.60,1709.00,1699.60,1706.90,1706.90,320.00
"May 1, 2020",1686.60,1701.50,1670.50,1694.50,1694.50,337.00
"Apr 30, 2020",1719.30,1719.30,1680.80,1684.20,1684.20,327.00
"Apr 29, 2020",1710.00,1713.50,1702.00,1703.40,1703.40,373.00
"Apr 28, 2020",1716.60,1716.60,1707.10,1710.50,1710.50,1255.00
"Apr 27, 2020",1731.90,1731.90,1711.90,1711.90,1711.90,169.00
"Apr 24, 2020",1744.00,1744.00,1714.50,1723.50,1723.50,221.00
"Apr 23, 2020",1734.00,1745.10,1733.30,1733.30,1733.30,482.00
"Apr 22, 2020",1696.00,1728.70,1684.80,1728.70,1728.70,453.00
"Apr 21, 2020",1697.00,1707.10,1659.90,1678.20,1678.20,666.00
"Apr 20, 2020",1686.00,1701.60,1680.00,1701.60,1701.60,106.00
"Apr 17, 2020",1715.70,1725.00,1684.90,1689.20,1689.20,223.00
"Apr 16, 2020",1731.00,1750.60,1715.00,1720.40,1720.40,162.00
"Apr 15, 2020",1739.40,1744.90,1722.70,1727.20,1727.20,642.00
"Apr 14, 2020",1756.80,1775.00,1739.50,1756.70,1756.70,675.00
"Apr 13, 2020",1722.00,1756.80,1710.70,1744.80,1744.80,696.00
"Apr 9, 2020",1662.70,1736.20,1662.70,1736.20,1736.20,825.00
"Apr 8, 2020",1669.70,1677.00,1662.50,1665.40,1665.40,747.00
"Apr 7, 2020",1695.70,1724.40,1658.00,1664.80,1664.80,1144.00
"Apr 6, 2020",1629.10,1696.70,1625.90,1677.00,1677.00,1063.00
"Apr 3, 2020",1624.50,1636.00,1619.80,1633.70,1633.70,643.00
"Apr 2, 2020",1590.90,1631.20,1586.00,1625.70,1625.70,1294.00
"Apr 1, 2020",1570.00,1600.00,1570.00,1578.20,1578.20,2158.00
"Mar 31, 2020",1618.70,1621.00,1576.00,1583.40,1583.40,2874.00
"Mar 30, 2020",1641.20,1652.80,1607.20,1622.00,1622.00,16389.00
"Mar 27, 2020",1623.90,1623.90,1623.90,1623.90,1623.90,100638.00
"Mar 26, 2020",1660.50,1660.50,1650.10,1650.10,1650.10,3.00
"Mar 25, 2020",1676.50,1676.50,1631.10,1632.30,1632.30,476.00
"Mar 24, 2020",1592.70,1685.50,1592.70,1660.20,1660.20,442.00
"Mar 23, 2020",1505.30,1567.00,1490.20,1567.00,1567.00,51.00
"Mar 20, 2020",1483.50,1484.00,1483.50,1484.00,1484.00,14.00
"Mar 19, 2020",1481.50,1491.60,1471.00,1478.60,1478.60,262.00
"Mar 18, 2020",1537.50,1542.00,1477.30,1477.30,1477.30,333.00
"Mar 17, 2020",1469.30,1537.70,1469.30,1524.90,1524.90,122.00
"Mar 16, 2020",1569.10,1569.10,1452.10,1485.90,1485.90,193.00
"Mar 13, 2020",1574.90,1589.80,1513.80,1515.70,1515.70,89.00
"Mar 12, 2020",1637.00,1647.50,1566.40,1589.30,1589.30,256.00
"Mar 11, 2020",1656.60,1666.50,1635.00,1641.40,1641.40,47.00
"Mar 10, 2020",1671.60,1674.60,1643.00,1659.10,1659.10,48.00
"Mar 9, 2020",1696.10,1701.60,1657.70,1674.50,1674.50,161.00
"Mar 6, 2020",1670.80,1686.20,1647.20,1670.80,1670.80,175.00
"Mar 5, 2020",1637.30,1672.90,1637.20,1666.40,1666.40,154.00
"Mar 4, 2020",1645.40,1645.90,1631.30,1641.10,1641.10,83.00
"Mar 3, 2020",1594.50,1645.30,1594.00,1642.10,1642.10,610.00
"Mar 2, 2020",1583.90,1608.30,1574.30,1592.30,1592.30,537.00
"Feb 28, 2020",1640.30,1642.50,1564.10,1564.10,1564.10,289.00
"Feb 27, 2020",1641.10,1658.00,1638.50,1640.00,1640.00,707.00
"Feb 26, 2020",1644.00,1648.10,1636.40,1640.00,1640.00,1990.00
"Feb 25, 2020",1645.10,1653.70,1632.30,1646.90,1646.90,409.00
"Feb 24, 2020",1657.00,1686.60,1650.00,1672.40,1672.40,435.00
"Feb 21, 2020",1619.30,1645.00,1619.30,1644.60,1644.60,186.00
"Feb 20, 2020",1606.50,1621.00,1603.00,1616.60,1616.60,117.00
"Feb 19, 2020",1600.60,1610.50,1599.70,1607.50,1607.50,542.00
"Feb 18, 2020",1579.80,1604.30,1579.80,1600.00,1600.00,310.00
"Feb 14, 2020",1575.80,1582.70,1574.80,1582.70,1582.70,68.00
"Feb 13, 2020",1570.20,1575.10,1570.20,1575.10,1575.10,74.00
"Feb 12, 2020",1565.20,1568.70,1561.00,1567.40,1567.40,36.00
"Feb 11, 2020",1570.90,1571.10,1561.90,1565.60,1565.60,440.00
"Feb 10, 2020",1569.30,1574.70,1568.60,1574.70,1574.70,128.00
"Feb 7, 2020",1564.90,1571.90,1560.50,1568.60,1568.60,431.00
"Feb 6, 2020",1553.60,1565.60,1551.60,1565.10,1565.10,110.00
"Feb 5, 2020",1553.20,1560.70,1547.70,1557.80,1557.80,1305.00
"Feb 4, 2020",1577.70,1577.70,1547.80,1550.40,1550.40,978.00
"Feb 3, 2020",1592.90,1593.30,1568.20,1577.20,1577.20,1062.00
"Jan 31, 2020",1573.40,1589.00,1570.00,1582.90,1582.90,1095.00
"Jan 30, 2020",1576.80,1585.00,1571.40,1583.50,1583.50,62336.00
"Jan 29, 2020",1569.80,1569.80,1569.80,1569.80,1569.80,251274.00
"Jan 28, 2020",1576.40,1576.40,1569.20,1569.20,1569.20,3.00
"Jan 27, 2020",1584.30,1584.50,1576.80,1576.80,1576.80,22.00
"Jan 24, 2020",1556.30,1571.10,1556.30,1571.10,1571.10,43.00
"Jan 23, 2020",1553.10,1564.60,1552.20,1564.60,1564.60,15.00
"Jan 22, 2020",1549.80,1557.10,1549.80,1555.30,1555.30,42.00
"Jan 21, 2020",1559.30,1566.20,1551.00,1556.40,1556.40,45.00
"Jan 17, 2020",1554.10,1558.80,1553.60,1558.80,1558.80,108.00
"Jan 16, 2020",1555.70,1556.10,1548.50,1549.00,1549.00,98.00
"Jan 15, 2020",1548.00,1553.90,1545.60,1552.10,1552.10,11.00
"Jan 14, 2020",1546.70,1546.70,1534.90,1542.40,1542.40,32.00
"Jan 13, 2020",1557.40,1558.00,1548.40,1548.40,1548.40,48.00
"Jan 10, 2020",1551.20,1558.80,1545.40,1557.50,1557.50,16.00
"Jan 9, 2020",1555.70,1555.70,1543.30,1551.70,1551.70,54.00
"Jan 8, 2020",1579.70,1604.20,1552.30,1557.40,1557.40,236.00
"Jan 7, 2020",1558.30,1576.30,1558.30,1571.80,1571.80,47.00
"Jan 6, 2020",1580.00,1580.00,1560.40,1566.20,1566.20,416.00
"Jan 3, 2020",1530.10,1552.70,1530.10,1549.20,1549.20,107.00
"Jan 2, 2020",1518.10,1528.70,1518.00,1524.50,1524.50,214.00
"Dec 31, 2019",1513.80,1523.40,1513.80,1519.50,1519.50,301.00
"Dec 30, 2019",1512.60,1515.10,1510.00,1514.50,1514.50,446.00
"Dec 27, 2019",1513.80,1513.80,1513.80,1513.80,1513.80,839.00
"Dec 26, 2019",1505.20,1512.30,1505.00,1509.30,1509.30,126.00
"Dec 24, 2019",1488.70,1499.10,1488.70,1499.10,1499.10,52.00
"Dec 23, 2019",1482.30,1482.50,1479.90,1482.50,1482.50,391.00
"Dec 20, 2019",1476.70,1478.10,1474.70,1474.70,1474.70,118.00
"Dec 19, 2019",1475.90,1478.90,1473.30,1478.20,1478.20,319.00
"Dec 18, 2019",1472.60,1472.60,1472.60,1472.60,1472.60,250.00
"Dec 17, 2019",1474.10,1476.90,1474.00,1474.60,1474.60,410.00
"Dec 16, 2019",1473.80,1475.30,1473.80,1475.00,1475.00,99.00
"Dec 13, 2019",1463.10,1475.90,1463.10,1475.60,1475.60,468.00
"Dec 12, 2019",1475.10,1483.90,1463.70,1466.70,1466.70,955.00
"Dec 11, 2019",1463.10,1475.40,1463.10,1469.40,1469.40,393.00
"Dec 10, 2019",1460.70,1467.20,1460.70,1462.60,1462.60,367.00
"Dec 9, 2019",1458.80,1464.20,1458.60,1459.30,1459.30,1461.00
"Dec 6, 2019",1475.00,1476.00,1458.20,1459.10,1459.10,899.00
"Dec 5, 2019",1474.70,1478.00,1472.30,1476.90,1476.90,907.00
"Dec 4, 2019",1477.50,1483.40,1471.20,1474.00,1474.00,613.00
"Dec 3, 2019",1461.60,1480.40,1459.50,1478.20,1478.20,1460.00
"Dec 2, 2019",1462.80,1464.40,1453.30,1462.30,1462.30,2172.00
"Nov 29, 2019",1453.60,1465.60,1452.10,1465.60,1465.60,7020.00
"Nov 27, 2019",1461.10,1461.90,1452.00,1453.40,1453.40,88364.00
"Nov 26, 2019",1459.80,1459.80,1459.80,1459.80,1459.80,346362.00
"Nov 25, 2019",1457.10,1457.10,1455.50,1456.60,1456.60,14.00
"Nov 22, 2019",1468.60,1468.60,1463.10,1463.10,1463.10,19.00
"Nov 21, 2019",1463.10,1463.10,1463.10,1463.10,1463.10,16.00
"Nov 20, 2019",1472.60,1474.50,1467.30,1473.30,1473.30,31.00
"Nov 19, 2019",1467.70,1474.30,1467.70,1473.30,1473.30,18.00
"Nov 18, 2019",1472.00,1472.00,1469.70,1470.90,1470.90,141.00
"Nov 15, 2019",1469.10,1469.10,1467.30,1467.30,1467.30,13.00
"Nov 14, 2019",1463.80,1471.80,1463.70,1471.80,1471.80,83.00
"Nov 13, 2019",1456.80,1463.30,1456.80,1461.70,1461.70,56.00
"Nov 12, 2019",1454.90,1454.90,1447.10,1452.10,1452.10,6.00
"Nov 11, 2019",1461.00,1461.00,1449.30,1455.50,1455.50,22.00
"Nov 8, 2019",1469.10,1469.10,1461.30,1461.30,1461.30,21.00
"Nov 7, 2019",1489.10,1489.10,1464.20,1464.20,1464.20,581.00
"Nov 6, 2019",1483.20,1491.00,1483.20,1490.20,1490.20,567.00
"Nov 5, 2019",1507.10,1507.10,1480.80,1480.80,1480.80,31.00
"Nov 4, 2019",1511.60,1511.60,1508.00,1508.00,1508.00,101.00
"Nov 1, 2019",1511.00,1511.60,1503.00,1508.00,1508.00,235.00
"Oct 31, 2019",1496.10,1513.10,1496.10,1511.40,1511.40,210.00
"Oct 30, 2019",1487.20,1495.40,1481.00,1493.20,1493.20,320.00
"Oct 29, 2019",1485.90,1487.00,1485.90,1487.00,1487.00,425.00
"Oct 28, 2019",1504.10,1504.10,1490.00,1490.00,1490.00,37.00
"Oct 25, 2019",1501.40,1514.30,1499.00,1499.50,1499.50,93.00
"Oct 24, 2019",1490.50,1501.20,1485.90,1498.90,1498.90,115.00
"Oct 23, 2019",1486.40,1490.30,1486.40,1489.90,1489.90,67.00
"Oct 22, 2019",1483.40,1483.50,1481.70,1481.70,1481.70,99.00
"Oct 21, 2019",1489.90,1489.90,1481.50,1482.40,1482.40,72.00
"Oct 18, 2019",1487.30,1489.10,1486.60,1488.20,1488.20,82.00
"Oct 17, 2019",1486.20,1493.20,1485.80,1492.30,1492.30,271.00
"Oct 16, 2019",1482.00,1488.00,1480.00,1488.00,1488.00,383.00
"Oct 15, 2019",1488.90,1495.40,1476.60,1477.60,1477.60,367.00
"Oct 14, 2019",1484.40,1493.50,1481.30,1491.70,1491.70,400.00
"Oct 11, 2019",1491.90,1494.90,1476.90,1482.70,1482.70,57.00
"Oct 10, 2019",1511.20,1511.20,1490.60,1494.80,1494.80,78.00
"Oct 9, 2019",1507.70,1507.70,1498.40,1506.10,1506.10,120.00
"Oct 8, 2019",1489.40,1506.30,1489.30,1497.20,1497.20,46.00
"Oct 7, 2019",1504.80,1505.80,1489.10,1497.70,1497.70,121.00
"Oct 4, 2019",1505.60,1508.70,1497.10,1506.20,1506.20,233.00
"Oct 3, 2019",1497.40,1518.20,1496.60,1507.10,1507.10,1213.00
"Oct 2, 2019",1476.60,1503.70,1474.10,1501.00,1501.00,205.00
"Oct 1, 2019",1468.70,1485.50,1458.30,1482.00,1482.00,219.00
"Sep 30, 2019",1495.90,1495.90,1463.50,1465.70,1465.70,1078.00
"Sep 27, 2019",1504.20,1506.10,1485.60,1499.10,1499.10,7827.00
"Sep 26, 2019",1507.50,1507.50,1507.50,1507.50,1507.50,8178.00
"Sep 25, 2019",1527.60,1527.90,1504.60,1504.60,1504.60,25.00
"Sep 24, 2019",1515.10,1533.00,1515.10,1532.10,1532.10,25.00
"Sep 23, 2019",1515.50,1523.70,1515.50,1523.70,1523.70,5.00